track,artist,album,unix_timestamp,datetime,url
Frequency,Demi Lovato,It’s Not That Deep,1767237398,2026-01-01 03:16:38,https://www.last.fm/music/Demi+Lovato/_/Frequency
In the Rain,Addison Rae,Addison,1767237552,2026-01-01 03:19:12,https://www.last.fm/music/Addison+Rae/_/In+the+Rain
Stateside + Zara Larsson,PinkPantheress,Fancy Some More?,1767237758,2026-01-01 03:22:38,https://www.last.fm/music/PinkPantheress/_/Stateside+%252B+Zara+Larsson
Hot & Sexy,Zara Larsson,Midnight Sun,1767237934,2026-01-01 03:25:34,https://www.last.fm/music/Zara+Larsson/_/Hot+&+Sexy
Club classics featuring bb trickz,Charli xcx,Brat and it’s completely different but also still brat,1767238115,2026-01-01 03:28:35,https://www.last.fm/music/Charli+xcx/_/Club+classics+featuring+bb+trickz
Desire,Tove Lo,HEAT,1767238294,2026-01-01 03:31:34,https://www.last.fm/music/Tove+Lo/_/Desire
claws,Charli xcx,how i'm feeling now,1767238619,2026-01-01 03:36:59,https://www.last.fm/music/Charli+xcx/_/claws
So Happy I Could Die,Lady Gaga,The Fame Monster (Deluxe Edition),1767238760,2026-01-01 03:39:20,https://www.last.fm/music/Lady+Gaga/_/So+Happy+I+Could+Die
Garden of Eden,Lady Gaga,MAYHEM,1767238986,2026-01-01 03:43:06,https://www.last.fm/music/Lady+Gaga/_/Garden+of+Eden
anthems,Charli xcx,how i'm feeling now,1767239240,2026-01-01 03:47:20,https://www.last.fm/music/Charli+xcx/_/anthems
Make Me Feel,John Summit,Make Me Feel,1767239608,2026-01-01 03:53:28,https://www.last.fm/music/John+Summit/_/Make+Me+Feel
Midnight Sun,Zara Larsson,Midnight Sun,1767256037,2026-01-01 08:27:17,https://www.last.fm/music/Zara+Larsson/_/Midnight+Sun
"break up with your girlfriend, i'm bored",Ariana Grande,"Break Up with Your Girlfriend, I'm Bored",1767282843,2026-01-01 15:54:03,"https://www.last.fm/music/Ariana+Grande/_/break+up+with+your+girlfriend,+i%27m+bored"
What Was That,Lorde,What Was That,1767289320,2026-01-01 17:42:00,https://www.last.fm/music/Lorde/_/What+Was+That
Hold No Grudge - Bonus Track,Lorde,Solar Power (Deluxe Edition),1767289520,2026-01-01 17:45:20,https://www.last.fm/music/Lorde/_/Hold+No+Grudge+-+Bonus+Track
In the Rain,Addison Rae,Addison,1767289783,2026-01-01 17:49:43,https://www.last.fm/music/Addison+Rae/_/In+the+Rain
Lost in My Bedroom,Sky Ferreira,Ghost,1767289986,2026-01-01 17:53:06,https://www.last.fm/music/Sky+Ferreira/_/Lost+in+My+Bedroom
obvious,Ariana Grande,Positions,1767290172,2026-01-01 17:56:12,https://www.last.fm/music/Ariana+Grande/_/obvious
3 Strikes,Terror Jr,Bop City,1767290313,2026-01-01 17:58:33,https://www.last.fm/music/Terror+Jr/_/3+Strikes
"Lose My Cool,",Kali Uchis,"Sincerely,",1767290491,2026-01-01 18:01:31,"https://www.last.fm/music/Kali+Uchis/_/Lose+My+Cool,"
come closer,sombr,I Barely Know Her,1767290837,2026-01-01 18:07:17,https://www.last.fm/music/sombr/_/come+closer
go away,Tate McRae,i used to think i could fly,1767291022,2026-01-01 18:10:22,https://www.last.fm/music/Tate+McRae/_/go+away
No Better,Lorde,No Better,1767291225,2026-01-01 18:13:45,https://www.last.fm/music/Lorde/_/No+Better
I Want,Mk.gee,Two Star & The Dream Police,1767291390,2026-01-01 18:16:30,https://www.last.fm/music/Mk.gee/_/I+Want
Into It,Chase Atlantic,Chase Atlantic,1767291609,2026-01-01 18:20:09,https://www.last.fm/music/Chase+Atlantic/_/Into+It
Couldn’t Make It Any Harder,Sabrina Carpenter,Short n' Sweet (Deluxe),1767291808,2026-01-01 18:23:28,https://www.last.fm/music/Sabrina+Carpenter/_/Couldn%E2%80%99t+Make+It+Any+Harder
Couldn’t Make It Any Harder,Sabrina Carpenter,Short n' Sweet (Deluxe),1767295301,2026-01-01 19:21:41,https://www.last.fm/music/Sabrina+Carpenter/_/Couldn%E2%80%99t+Make+It+Any+Harder
Winter Things,Ariana Grande,Christmas & Chill,1767295575,2026-01-01 19:26:15,https://www.last.fm/music/Ariana+Grande/_/Winter+Things
House Tour,Sabrina Carpenter,Man’s Best Friend,1767295749,2026-01-01 19:29:09,https://www.last.fm/music/Sabrina+Carpenter/_/House+Tour
Snow in California,Ariana Grande,Christmas Kisses,1767295910,2026-01-01 19:31:50,https://www.last.fm/music/Ariana+Grande/_/Snow+in+California
santa doesn’t know you like i do,Sabrina Carpenter,fruitcake,1767296116,2026-01-01 19:35:16,https://www.last.fm/music/Sabrina+Carpenter/_/santa+doesn%E2%80%99t+know+you+like+i+do
Sugar Talking,Sabrina Carpenter,Man’s Best Friend,1767296297,2026-01-01 19:38:17,https://www.last.fm/music/Sabrina+Carpenter/_/Sugar+Talking
HORSESHOE,Tate McRae,SO CLOSE TO WHAT??? (deluxe),1767296482,2026-01-01 19:41:22,https://www.last.fm/music/Tate+McRae/_/HORSESHOE
Destiny,Ellie Goulding,Destiny,1767296654,2026-01-01 19:44:14,https://www.last.fm/music/Ellie+Goulding/_/Destiny
Chains of Love,Charli xcx,Chains of Love,1767296923,2026-01-01 19:48:43,https://www.last.fm/music/Charli+xcx/_/Chains+of+Love
Folded,Kehlani,Folded,1767297094,2026-01-01 19:51:34,https://www.last.fm/music/Kehlani/_/Folded
Wet Hair,Audrey Hobert,Who's the Clown?,1767297327,2026-01-01 19:55:27,https://www.last.fm/music/Audrey+Hobert/_/Wet+Hair
Dracula,Tame Impala,Dracula,1767297505,2026-01-01 19:58:25,https://www.last.fm/music/Tame+Impala/_/Dracula
Wet Hair,Audrey Hobert,Who's the Clown?,1767310508,2026-01-01 23:35:08,https://www.last.fm/music/Audrey+Hobert/_/Wet+Hair
Damn,Del Water Gap,Damn,1767310687,2026-01-01 23:38:07,https://www.last.fm/music/Del+Water+Gap/_/Damn
Baptized in Fear,The Weeknd,Hurry Up Tomorrow,1767310859,2026-01-01 23:40:59,https://www.last.fm/music/The+Weeknd/_/Baptized+in+Fear
Hamptons,The Marías,Submarine,1767311081,2026-01-01 23:44:41,https://www.last.fm/music/The+Mar%C3%ADas/_/Hamptons
I Don't Know You,The Marías,"Superclean, Vol. I",1767311261,2026-01-01 23:47:41,https://www.last.fm/music/The+Mar%C3%ADas/_/I+Don%27t+Know+You
Little Faith,Ryan Beatty,Calico,1767311462,2026-01-01 23:51:02,https://www.last.fm/music/Ryan+Beatty/_/Little+Faith
Your Type,Carly Rae Jepsen,Emotion (Deluxe Expanded Edition),1767311678,2026-01-01 23:54:38,https://www.last.fm/music/Carly+Rae+Jepsen/_/Your+Type
Just Keep Watching (From F1® The Movie),Tate McRae,Just Keep Watching (From F1® The Movie),1767311869,2026-01-01 23:57:49,https://www.last.fm/music/Tate+McRae/_/Just+Keep+Watching+(From+F1%C2%AE+The+Movie)
Feel Something,Clairo,Immunity,1767312003,2026-01-02 00:00:03,https://www.last.fm/music/Clairo/_/Feel+Something
Unlock it (Lock It) - feat. Kim Petras and Jay Park,Charli xcx,Pop 2,1767312171,2026-01-02 00:02:51,https://www.last.fm/music/Charli+xcx/_/Unlock+it+(Lock+It)+-+feat.+Kim+Petras+and+Jay+Park
If She Could See Me Now,Lorde,Virgin,1767312396,2026-01-02 00:06:36,https://www.last.fm/music/Lorde/_/If+She+Could+See+Me+Now
Times Like These,Addison Rae,Addison,1767312564,2026-01-02 00:09:24,https://www.last.fm/music/Addison+Rae/_/Times+Like+These
Good Girl,Reneé Rapp,BITE ME,1767312788,2026-01-02 00:13:08,https://www.last.fm/music/Rene%C3%A9+Rapp/_/Good+Girl
All We Need,ODESZA,In Return,1767312972,2026-01-02 00:16:12,https://www.last.fm/music/ODESZA/_/All+We+Need
WAY IT IS,Justin Bieber,SWAG,1767313175,2026-01-02 00:19:35,https://www.last.fm/music/Justin+Bieber/_/WAY+IT+IS
Yuck,Charli xcx,CRASH,1767313361,2026-01-02 00:22:41,https://www.last.fm/music/Charli+xcx/_/Yuck
Closer To You,Clairo,Immunity,1767313492,2026-01-02 00:24:52,https://www.last.fm/music/Clairo/_/Closer+To+You
torn jeans,Royel Otis,hickey,1767313667,2026-01-02 00:27:47,https://www.last.fm/music/Royel+Otis/_/torn+jeans
Image,Magdalena Bay,Imaginal Disk,1767363199,2026-01-02 14:13:19,https://www.last.fm/music/Magdalena+Bay/_/Image
Money Is Everything,Addison Rae,Addison,1767363403,2026-01-02 14:16:43,https://www.last.fm/music/Addison+Rae/_/Money+Is+Everything
Need You Now,Lady Antebellum,Need You Now,1767363517,2026-01-02 14:18:37,https://www.last.fm/music/Lady+Antebellum/_/Need+You+Now
good times,Royel Otis,hickey,1767363793,2026-01-02 14:23:13,https://www.last.fm/music/Royel+Otis/_/good+times
obvious,Oklou,choke enough,1767363941,2026-01-02 14:25:41,https://www.last.fm/music/Oklou/_/obvious
No Reply,Tame Impala,Deadbeat,1767364068,2026-01-02 14:27:48,https://www.last.fm/music/Tame+Impala/_/No+Reply
Loser,Tame Impala,Deadbeat,1767364275,2026-01-02 14:31:15,https://www.last.fm/music/Tame+Impala/_/Loser
Piece Of Heaven,Tame Impala,Deadbeat,1767364489,2026-01-02 14:34:49,https://www.last.fm/music/Tame+Impala/_/Piece+Of+Heaven
Dracula,Tame Impala,Deadbeat,1767364765,2026-01-02 14:39:25,https://www.last.fm/music/Tame+Impala/_/Dracula
Chains of Love,Charli xcx,Chains of Love,1767364962,2026-01-02 14:42:42,https://www.last.fm/music/Charli+xcx/_/Chains+of+Love
twilight zone,Ariana Grande,eternal sunshine deluxe: brighter days ahead,1767365123,2026-01-02 14:45:23,https://www.last.fm/music/Ariana+Grande/_/twilight+zone
When Did You Get Hot?,Sabrina Carpenter,Man’s Best Friend,1767365313,2026-01-02 14:48:33,https://www.last.fm/music/Sabrina+Carpenter/_/When+Did+You+Get+Hot%3F
Planet,The Neighbourhood,(((((ultraSOUND))))),1767365450,2026-01-02 14:50:50,https://www.last.fm/music/The+Neighbourhood/_/Planet
Bluest Flame,Selena Gomez,I Said I Love You First,1767365683,2026-01-02 14:54:43,https://www.last.fm/music/Selena+Gomez/_/Bluest+Flame
Love Me 4 Me,SZA,SOS Deluxe: LANA,1767365837,2026-01-02 14:57:17,https://www.last.fm/music/SZA/_/Love+Me+4+Me
NOBODY'S GIRL,Tate McRae,SO CLOSE TO WHAT??? (deluxe),1767366014,2026-01-02 15:00:14,https://www.last.fm/music/Tate+McRae/_/NOBODY%27S+GIRL
TRYING ON SHOES,Tate McRae,SO CLOSE TO WHAT??? (deluxe),1767366174,2026-01-02 15:02:54,https://www.last.fm/music/Tate+McRae/_/TRYING+ON+SHOES
Somebody Else,The 1975,"I like it when you sleep, for you are so beautiful yet so unaware of it",1767366347,2026-01-02 15:05:47,https://www.last.fm/music/The+1975/_/Somebody+Else
Pravda,Vampire Weekend,Only God Was Above Us,1767366686,2026-01-02 15:11:26,https://www.last.fm/music/Vampire+Weekend/_/Pravda
How To Live,Del Water Gap,Damn,1767366939,2026-01-02 15:15:39,https://www.last.fm/music/Del+Water+Gap/_/How+To+Live
Phoebe,Audrey Hobert,Who's the Clown?,1767367169,2026-01-02 15:19:29,https://www.last.fm/music/Audrey+Hobert/_/Phoebe
Headlock,Imogen Heap,Speak For Yourself (Deluxe Version),1767367395,2026-01-02 15:23:15,https://www.last.fm/music/Imogen+Heap/_/Headlock
Just for Now,Imogen Heap,Speak For Yourself (Deluxe Version),1767367601,2026-01-02 15:26:41,https://www.last.fm/music/Imogen+Heap/_/Just+for+Now
Hide and Seek,Imogen Heap,Speak For Yourself (Deluxe Version),1767367773,2026-01-02 15:29:33,https://www.last.fm/music/Imogen+Heap/_/Hide+and+Seek
Winter Things,Ariana Grande,Christmas & Chill,1767368061,2026-01-02 15:34:21,https://www.last.fm/music/Ariana+Grande/_/Winter+Things
altar,Kehlani,blue water road,1767368222,2026-01-02 15:37:02,https://www.last.fm/music/Kehlani/_/altar
up at night (feat. Justin Bieber),Kehlani,blue water road,1767368458,2026-01-02 15:40:58,https://www.last.fm/music/Kehlani/_/up+at+night+(feat.+Justin+Bieber)
Stateside + Zara Larsson,PinkPantheress,Fancy Some More?,1767368631,2026-01-02 15:43:51,https://www.last.fm/music/PinkPantheress/_/Stateside+%252B+Zara+Larsson
Garden of Eden,Lady Gaga,MAYHEM,1767368822,2026-01-02 15:47:02,https://www.last.fm/music/Lady+Gaga/_/Garden+of+Eden
Pasture Child,Dominic Fike,Sunburn,1767369052,2026-01-02 15:50:52,https://www.last.fm/music/Dominic+Fike/_/Pasture+Child
Greenlight,Tate McRae,So Close to What,1767369222,2026-01-02 15:53:42,https://www.last.fm/music/Tate+McRae/_/Greenlight
Paranoia,The Marías,Submarine,1767369462,2026-01-02 15:57:42,https://www.last.fm/music/The+Mar%C3%ADas/_/Paranoia
Julia,SZA,Z,1767369694,2026-01-02 16:01:34,https://www.last.fm/music/SZA/_/Julia
A Change of Heart,The 1975,"I like it when you sleep, for you are so beautiful yet so unaware of it",1767369904,2026-01-02 16:05:04,https://www.last.fm/music/The+1975/_/A+Change+of+Heart
Alrighty Aphrodite,Peach Pit,Being so Normal,1767370179,2026-01-02 16:09:39,https://www.last.fm/music/Peach+Pit/_/Alrighty+Aphrodite
"Silk Lingerie,",Kali Uchis,"Sincerely,",1767370378,2026-01-02 16:12:58,"https://www.last.fm/music/Kali+Uchis/_/Silk+Lingerie,"
Over the Moon,The Marías,"Superclean, Vol. II",1767370616,2026-01-02 16:16:56,https://www.last.fm/music/The+Mar%C3%ADas/_/Over+the+Moon
dandelion,Ariana Grande,eternal sunshine deluxe: brighter days ahead,1767371546,2026-01-02 16:32:26,https://www.last.fm/music/Ariana+Grande/_/dandelion
Holy Ghost,The Neighbourhood,(((((ultraSOUND))))),1767379895,2026-01-02 18:51:35,https://www.last.fm/music/The+Neighbourhood/_/Holy+Ghost
Cinnamon,The Neighbourhood,Wiped Out! (10th Anniversary Edition),1767380155,2026-01-02 18:55:55,https://www.last.fm/music/The+Neighbourhood/_/Cinnamon
get me started (feat. syd),Kehlani,blue water road,1767380353,2026-01-02 18:59:13,https://www.last.fm/music/Kehlani/_/get+me+started+(feat.+syd)
go away,Tate McRae,i used to think i could fly,1767380514,2026-01-02 19:01:54,https://www.last.fm/music/Tate+McRae/_/go+away
stranger,Olivia Rodrigo,GUTS (spilled),1767380741,2026-01-02 19:05:41,https://www.last.fm/music/Olivia+Rodrigo/_/stranger
Stranger,Doja Cat,Vie,1767380924,2026-01-02 19:08:44,https://www.last.fm/music/Doja+Cat/_/Stranger
Gorgeous,Doja Cat,Vie,1767381116,2026-01-02 19:11:56,https://www.last.fm/music/Doja+Cat/_/Gorgeous
Go Girl (with Latto & Doja Cat),Summer Walker,Go Girl (with Latto & Doja Cat),1767381374,2026-01-02 19:16:14,https://www.last.fm/music/Summer+Walker/_/Go+Girl+(with+Latto+&+Doja+Cat)
Halley's Comet,Billie Eilish,Happier Than Ever,1767381593,2026-01-02 19:19:53,https://www.last.fm/music/Billie+Eilish/_/Halley%27s+Comet
party 4 u,Charli xcx,how i'm feeling now,1767381820,2026-01-02 19:23:40,https://www.last.fm/music/Charli+xcx/_/party+4+u
Swingin Party,Lorde,Tennis Court,1767382108,2026-01-02 19:28:28,https://www.last.fm/music/Lorde/_/Swingin+Party
In the Dark,Dev,The Night the Sun Came Up,1767409802,2026-01-03 03:10:02,https://www.last.fm/music/Dev/_/In+the+Dark
Need You Now,Lady Antebellum,Need You Now,1767422725,2026-01-03 06:45:25,https://www.last.fm/music/Lady+Antebellum/_/Need+You+Now
Joshua Tree,Demi Lovato,It’s Not That Deep (Little Bit Extra Version),1767465166,2026-01-03 18:32:46,https://www.last.fm/music/Demi+Lovato/_/Joshua+Tree
Frequency,Demi Lovato,It’s Not That Deep,1767465329,2026-01-03 18:35:29,https://www.last.fm/music/Demi+Lovato/_/Frequency
Here All Night,Demi Lovato,It’s Not That Deep,1767465464,2026-01-03 18:37:44,https://www.last.fm/music/Demi+Lovato/_/Here+All+Night
Eurosummer,Zara Larsson,Midnight Sun,1767466032,2026-01-03 18:47:12,https://www.last.fm/music/Zara+Larsson/_/Eurosummer
ANYTHING BUT LOVE,Tate McRae,SO CLOSE TO WHAT??? (deluxe),1767466475,2026-01-03 18:54:35,https://www.last.fm/music/Tate+McRae/_/ANYTHING+BUT+LOVE
Jealous Type,Doja Cat,Vie,1767466614,2026-01-03 18:56:54,https://www.last.fm/music/Doja+Cat/_/Jealous+Type
Sober,Lorde,Melodrama,1767466769,2026-01-03 18:59:29,https://www.last.fm/music/Lorde/_/Sober
Maroon,Taylor Swift,Midnights,1767480473,2026-01-03 22:47:53,https://www.last.fm/music/Taylor+Swift/_/Maroon
buy me presents,Sabrina Carpenter,fruitcake,1767491376,2026-01-04 01:49:36,https://www.last.fm/music/Sabrina+Carpenter/_/buy+me+presents
Youthful Kids,it's murph,Youthful Kids,1767491389,2026-01-04 01:49:49,https://www.last.fm/music/it%27s+murph/_/Youthful+Kids
Maroon,Taylor Swift,Midnights,1767543813,2026-01-04 16:23:33,https://www.last.fm/music/Taylor+Swift/_/Maroon
bittersweet,Madison Beer,Bittersweet,1767543966,2026-01-04 16:26:06,https://www.last.fm/music/Madison+Beer/_/bittersweet
Lucky,Britney Spears,Oops!... I Did It Again,1767544175,2026-01-04 16:29:35,https://www.last.fm/music/Britney+Spears/_/Lucky
Adore You,Miley Cyrus,Bangerz (Deluxe Version),1767544409,2026-01-04 16:33:29,https://www.last.fm/music/Miley+Cyrus/_/Adore+You
Summer Forever,Addison Rae,Addison,1767544678,2026-01-04 16:37:58,https://www.last.fm/music/Addison+Rae/_/Summer+Forever
Sue me,Audrey Hobert,Who's the Clown?,1767547650,2026-01-04 17:27:30,https://www.last.fm/music/Audrey+Hobert/_/Sue+me
Got Me Started,Troye Sivan,Something to Give Each Other,1767547811,2026-01-04 17:30:11,https://www.last.fm/music/Troye+Sivan/_/Got+Me+Started
Snap My Finger (feat. PinkPantheress),KAYTRANADA,Timeless,1767548001,2026-01-04 17:33:21,https://www.last.fm/music/KAYTRANADA/_/Snap+My+Finger+(feat.+PinkPantheress)
Need You Now,Lady Antebellum,Need You Now,1767548483,2026-01-04 17:41:23,https://www.last.fm/music/Lady+Antebellum/_/Need+You+Now
Winter Things,Ariana Grande,Christmas & Chill,1767548746,2026-01-04 17:45:46,https://www.last.fm/music/Ariana+Grande/_/Winter+Things
Not Just on Christmas,Ariana Grande,Christmas & Chill,1767548926,2026-01-04 17:48:46,https://www.last.fm/music/Ariana+Grande/_/Not+Just+on+Christmas
All the Time,Zara Larsson,All The Time,1767549041,2026-01-04 17:50:41,https://www.last.fm/music/Zara+Larsson/_/All+the+Time
come closer,sombr,I Barely Know Her,1767549260,2026-01-04 17:54:20,https://www.last.fm/music/sombr/_/come+closer
All of the Good,Kali Uchis,Sincerely: P.S.,1767549446,2026-01-04 17:57:26,https://www.last.fm/music/Kali+Uchis/_/All+of+the+Good
Wet Hair,Audrey Hobert,Who's the Clown?,1767549660,2026-01-04 18:01:00,https://www.last.fm/music/Audrey+Hobert/_/Wet+Hair
Destiny,Ellie Goulding,Destiny,1767549839,2026-01-04 18:03:59,https://www.last.fm/music/Ellie+Goulding/_/Destiny
Planet,The Neighbourhood,(((((ultraSOUND))))),1767550152,2026-01-04 18:09:12,https://www.last.fm/music/The+Neighbourhood/_/Planet
LoveBomb,The Neighbourhood,(((((ultraSOUND))))),1767550385,2026-01-04 18:13:05,https://www.last.fm/music/The+Neighbourhood/_/LoveBomb
Dopamine,Robyn,Dopamine,1767550576,2026-01-04 18:16:16,https://www.last.fm/music/Robyn/_/Dopamine
A Change of Heart,The 1975,"I like it when you sleep, for you are so beautiful yet so unaware of it",1767550783,2026-01-04 18:19:43,https://www.last.fm/music/The+1975/_/A+Change+of+Heart
go away,Tate McRae,i used to think i could fly,1767551058,2026-01-04 18:24:18,https://www.last.fm/music/Tate+McRae/_/go+away
In the Dark,Dev,The Night the Sun Came Up,1767551263,2026-01-04 18:27:43,https://www.last.fm/music/Dev/_/In+the+Dark
Now or Never,Halsey,hopeless fountain kingdom (Deluxe Plus),1767551727,2026-01-04 18:35:27,https://www.last.fm/music/Halsey/_/Now+or+Never
Bad at Love,Halsey,hopeless fountain kingdom (Deluxe Plus),1767551932,2026-01-04 18:38:52,https://www.last.fm/music/Halsey/_/Bad+at+Love
Now or Never,Halsey,hopeless fountain kingdom (Deluxe Plus),1767552105,2026-01-04 18:41:45,https://www.last.fm/music/Halsey/_/Now+or+Never
Without Me,Halsey,Manic,1767552311,2026-01-04 18:45:11,https://www.last.fm/music/Halsey/_/Without+Me
Needed Me,Rihanna,ANTI (Deluxe),1767552504,2026-01-04 18:48:24,https://www.last.fm/music/Rihanna/_/Needed+Me
No Air (feat. Chris Brown),Jordin Sparks,Jordin Sparks,1767552789,2026-01-04 18:53:09,https://www.last.fm/music/Jordin+Sparks/_/No+Air+(feat.+Chris+Brown)
santa doesn’t know you like i do,Sabrina Carpenter,fruitcake,1767553043,2026-01-04 18:57:23,https://www.last.fm/music/Sabrina+Carpenter/_/santa+doesn%E2%80%99t+know+you+like+i+do
Childs Play,Drake,Views,1767553224,2026-01-04 19:00:24,https://www.last.fm/music/Drake/_/Childs+Play
Far,SZA,SOS,1767553457,2026-01-04 19:04:17,https://www.last.fm/music/SZA/_/Far
Childs Play,Drake,Views,1767553629,2026-01-04 19:07:09,https://www.last.fm/music/Drake/_/Childs+Play
Houdini,Dua Lipa,Houdini,1767553797,2026-01-04 19:09:57,https://www.last.fm/music/Dua+Lipa/_/Houdini
Chateau (Feel Alright),Djo,Twenty Twenty,1767553973,2026-01-04 19:12:53,https://www.last.fm/music/Djo/_/Chateau+(Feel+Alright)
Knew Better / Forever Boy,Ariana Grande,Dangerous Woman,1767554237,2026-01-04 19:17:17,https://www.last.fm/music/Ariana+Grande/_/Knew+Better+%2F+Forever+Boy
A COLD PLAY,The Kid LAROI,A COLD PLAY,1767554528,2026-01-04 19:22:08,https://www.last.fm/music/The+Kid+LAROI/_/A+COLD+PLAY
I Got Time,Bebe Rexha,All Your Fault: Pt. 2,1767554699,2026-01-04 19:24:59,https://www.last.fm/music/Bebe+Rexha/_/I+Got+Time
Difficult,Gracie Abrams,Difficult,1767554920,2026-01-04 19:28:40,https://www.last.fm/music/Gracie+Abrams/_/Difficult
In the Dark,Dev,The Night the Sun Came Up,1767555171,2026-01-04 19:32:51,https://www.last.fm/music/Dev/_/In+the+Dark
Winter Things,Ariana Grande,Christmas & Chill,1767555620,2026-01-04 19:40:20,https://www.last.fm/music/Ariana+Grande/_/Winter+Things
Love Incredible (feat. Camila Cabello),Cashmere Cat,9,1767555815,2026-01-04 19:43:35,https://www.last.fm/music/Cashmere+Cat/_/Love+Incredible+(feat.+Camila+Cabello)
‘tis the damn season,Taylor Swift,evermore,1767556190,2026-01-04 19:49:50,https://www.last.fm/music/Taylor+Swift/_/%E2%80%98tis+the+damn+season
Mistletoe,Justin Bieber,Under the Mistletoe (Deluxe Edition),1767556412,2026-01-04 19:53:32,https://www.last.fm/music/Justin+Bieber/_/Mistletoe
Habits (Stay High),Tove Lo,Queen of the Clouds,1767556859,2026-01-04 20:00:59,https://www.last.fm/music/Tove+Lo/_/Habits+(Stay+High)
Lush Life,Zara Larsson,So Good,1767557058,2026-01-04 20:04:18,https://www.last.fm/music/Zara+Larsson/_/Lush+Life
Never Be Like You (feat. Kai),Flume,Skin,1767557267,2026-01-04 20:07:47,https://www.last.fm/music/Flume/_/Never+Be+Like+You+(feat.+Kai)
Cool for the Summer,Demi Lovato,Confident,1767557492,2026-01-04 20:11:32,https://www.last.fm/music/Demi+Lovato/_/Cool+for+the+Summer
Gimme More,Britney Spears,Blackout,1767557698,2026-01-04 20:14:58,https://www.last.fm/music/Britney+Spears/_/Gimme+More
Latch (feat. Sam Smith),Disclosure,Settle (Special Edition),1767557953,2026-01-04 20:19:13,https://www.last.fm/music/Disclosure/_/Latch+(feat.+Sam+Smith)
Roses,The Chainsmokers,Roses,1767558436,2026-01-04 20:27:16,https://www.last.fm/music/The+Chainsmokers/_/Roses
Say It (feat. Tove Lo),Flume,Skin,1767570035,2026-01-04 23:40:35,https://www.last.fm/music/Flume/_/Say+It+(feat.+Tove+Lo)
Lights,Ellie Goulding,Lights,1767570289,2026-01-04 23:44:49,https://www.last.fm/music/Ellie+Goulding/_/Lights
Be the One,Dua Lipa,Dua Lipa (Deluxe),1767570571,2026-01-04 23:49:31,https://www.last.fm/music/Dua+Lipa/_/Be+the+One
Break Free,Ariana Grande,My Everything (Deluxe),1767570764,2026-01-04 23:52:44,https://www.last.fm/music/Ariana+Grande/_/Break+Free
Roses,The Chainsmokers,Roses,1767570877,2026-01-04 23:54:37,https://www.last.fm/music/The+Chainsmokers/_/Roses
watch,Billie Eilish,dont smile at me,1767583177,2026-01-05 03:19:37,https://www.last.fm/music/Billie+Eilish/_/watch
Break Free,Ariana Grande,My Everything (Deluxe),1767583177,2026-01-05 03:19:37,https://www.last.fm/music/Ariana+Grande/_/Break+Free
Back To Me,The Marías,Back To Me,1767586885,2026-01-05 04:21:25,https://www.last.fm/music/The+Mar%C3%ADas/_/Back+To+Me
Look After You,The Fray,How to Save a Life,1767588365,2026-01-05 04:46:05,https://www.last.fm/music/The+Fray/_/Look+After+You
marjorie,Taylor Swift,evermore (deluxe version),1767591143,2026-01-05 05:32:23,https://www.last.fm/music/Taylor+Swift/_/marjorie
Champagne Coast,Blood Orange,Coastal Grooves,1767636990,2026-01-05 18:16:30,https://www.last.fm/music/Blood+Orange/_/Champagne+Coast
Now or Never,Halsey,hopeless fountain kingdom (Deluxe Plus),1767637420,2026-01-05 18:23:40,https://www.last.fm/music/Halsey/_/Now+or+Never
PINS AND NEEDLES,Nessa Barrett,AFTERCARE,1767637644,2026-01-05 18:27:24,https://www.last.fm/music/Nessa+Barrett/_/PINS+AND+NEEDLES
Hotter Than Hell,Dua Lipa,Dua Lipa (Deluxe),1767637836,2026-01-05 18:30:36,https://www.last.fm/music/Dua+Lipa/_/Hotter+Than+Hell
100 Letters,Halsey,hopeless fountain kingdom (Deluxe Plus),1767638016,2026-01-05 18:33:36,https://www.last.fm/music/Halsey/_/100+Letters
On My Mind,Ellie Goulding,Delirium (Deluxe),1767638228,2026-01-05 18:37:08,https://www.last.fm/music/Ellie+Goulding/_/On+My+Mind
I'll Show You,Justin Bieber,Purpose (Deluxe),1767638432,2026-01-05 18:40:32,https://www.last.fm/music/Justin+Bieber/_/I%27ll+Show+You
Been Like This,Doja Cat,Planet Her,1767640898,2026-01-05 19:21:38,https://www.last.fm/music/Doja+Cat/_/Been+Like+This
Company,Justin Bieber,Purpose (Deluxe),1767641087,2026-01-05 19:24:47,https://www.last.fm/music/Justin+Bieber/_/Company
Fetish (feat. Gucci Mane),Selena Gomez,Fetish (feat. Gucci Mane),1767641297,2026-01-05 19:28:17,https://www.last.fm/music/Selena+Gomez/_/Fetish+(feat.+Gucci+Mane)
My My My!,Troye Sivan,Bloom,1767641489,2026-01-05 19:31:29,https://www.last.fm/music/Troye+Sivan/_/My+My+My!
Friends (with BloodPop®),Justin Bieber,Friends (with BloodPop®),1767641697,2026-01-05 19:34:57,https://www.last.fm/music/Justin+Bieber/_/Friends+(with+BloodPop%C2%AE)
Glory and Gore,Lorde,Pure Heroine,1767705595,2026-01-06 13:19:55,https://www.last.fm/music/Lorde/_/Glory+and+Gore
I'll Show You,Justin Bieber,Purpose (Deluxe),1767705604,2026-01-06 13:20:04,https://www.last.fm/music/Justin+Bieber/_/I%27ll+Show+You
Into It,Chase Atlantic,Chase Atlantic,1767705743,2026-01-06 13:22:23,https://www.last.fm/music/Chase+Atlantic/_/Into+It
Strangers,Halsey,hopeless fountain kingdom (Deluxe Plus),1767705941,2026-01-06 13:25:41,https://www.last.fm/music/Halsey/_/Strangers
Garden (Say It Like Dat),SZA,Ctrl,1767706163,2026-01-06 13:29:23,https://www.last.fm/music/SZA/_/Garden+(Say+It+Like+Dat)
Call It What You Want,Taylor Swift,reputation,1767706361,2026-01-06 13:32:41,https://www.last.fm/music/Taylor+Swift/_/Call+It+What+You+Want
Unforgettable,French Montana,Jungle Rules,1767706556,2026-01-06 13:35:56,https://www.last.fm/music/French+Montana/_/Unforgettable
Close to Me,Ellie Goulding,Brightest Blue,1767706797,2026-01-06 13:39:57,https://www.last.fm/music/Ellie+Goulding/_/Close+to+Me
What Do You Mean?,Justin Bieber,Purpose (Deluxe),1767706969,2026-01-06 13:42:49,https://www.last.fm/music/Justin+Bieber/_/What+Do+You+Mean%3F
"Yeah, I Said It",Rihanna,ANTI (Deluxe),1767707205,2026-01-06 13:46:45,"https://www.last.fm/music/Rihanna/_/Yeah,+I+Said+It"
idfc,blackbear,deadroses,1767707343,2026-01-06 13:49:03,https://www.last.fm/music/blackbear/_/idfc
Hands to Myself,Selena Gomez,Revival (Deluxe),1767707578,2026-01-06 13:52:58,https://www.last.fm/music/Selena+Gomez/_/Hands+to+Myself
We Can't Stop,Miley Cyrus,Bangerz (Deluxe Version),1767707776,2026-01-06 13:56:16,https://www.last.fm/music/Miley+Cyrus/_/We+Can%27t+Stop
Homemade Dynamite,Lorde,Melodrama,1767708025,2026-01-06 14:00:25,https://www.last.fm/music/Lorde/_/Homemade+Dynamite
Don't Let Me Down,The Chainsmokers,Don't Let Me Down,1767708219,2026-01-06 14:03:39,https://www.last.fm/music/The+Chainsmokers/_/Don%27t+Let+Me+Down
Hate Me,Ellie Goulding,Brightest Blue,1767708440,2026-01-06 14:07:20,https://www.last.fm/music/Ellie+Goulding/_/Hate+Me
Bad at Love,Halsey,hopeless fountain kingdom (Deluxe Plus),1767708618,2026-01-06 14:10:18,https://www.last.fm/music/Halsey/_/Bad+at+Love
FOOLS,Troye Sivan,Blue Neighbourhood (Deluxe),1767708804,2026-01-06 14:13:24,https://www.last.fm/music/Troye+Sivan/_/FOOLS
Green Light,Lorde,Melodrama,1767709006,2026-01-06 14:16:46,https://www.last.fm/music/Lorde/_/Green+Light
Make Me... (feat. G-Eazy),Britney Spears,Glory (Deluxe),1767709231,2026-01-06 14:20:31,https://www.last.fm/music/Britney+Spears/_/Make+Me...+(feat.+G-Eazy)
Without Me,Halsey,Manic,1767719842,2026-01-06 17:17:22,https://www.last.fm/music/Halsey/_/Without+Me
Now or Never,Halsey,hopeless fountain kingdom (Deluxe Plus),1767720050,2026-01-06 17:20:50,https://www.last.fm/music/Halsey/_/Now+or+Never
"Lose My Cool,",Kali Uchis,"Sincerely,",1767720257,2026-01-06 17:24:17,"https://www.last.fm/music/Kali+Uchis/_/Lose+My+Cool,"
Sugar Talking,Sabrina Carpenter,Man’s Best Friend,1767720604,2026-01-06 17:30:04,https://www.last.fm/music/Sabrina+Carpenter/_/Sugar+Talking
Stateside + Zara Larsson,PinkPantheress,Fancy Some More?,1767720779,2026-01-06 17:32:59,https://www.last.fm/music/PinkPantheress/_/Stateside+%252B+Zara+Larsson
Obsolete,Tame Impala,Deadbeat,1767720955,2026-01-06 17:35:55,https://www.last.fm/music/Tame+Impala/_/Obsolete
Piece Of Heaven,Tame Impala,Deadbeat,1767721210,2026-01-06 17:40:10,https://www.last.fm/music/Tame+Impala/_/Piece+Of+Heaven
Dracula,Tame Impala,Deadbeat,1767721486,2026-01-06 17:44:46,https://www.last.fm/music/Tame+Impala/_/Dracula
No Better,Lorde,No Better,1767721683,2026-01-06 17:48:03,https://www.last.fm/music/Lorde/_/No+Better
Destiny,Ellie Goulding,Destiny,1767721845,2026-01-06 17:50:45,https://www.last.fm/music/Ellie+Goulding/_/Destiny
It's Just Us,Kali Uchis,"Sincerely,",1767722188,2026-01-06 17:56:28,https://www.last.fm/music/Kali+Uchis/_/It%27s+Just+Us
Adore You,Miley Cyrus,Bangerz (Deluxe Version),1767722377,2026-01-06 17:59:37,https://www.last.fm/music/Miley+Cyrus/_/Adore+You
Good for You,Selena Gomez,Revival (Deluxe),1767722686,2026-01-06 18:04:46,https://www.last.fm/music/Selena+Gomez/_/Good+for+You
Talking Body,Tove Lo,Queen of the Clouds,1767722897,2026-01-06 18:08:17,https://www.last.fm/music/Tove+Lo/_/Talking+Body
Jealousy - From the Vault,Tove Lo,Queen of the Clouds: X,1767723127,2026-01-06 18:12:07,https://www.last.fm/music/Tove+Lo/_/Jealousy+-+From+the+Vault
Tumblr Girls (feat. Christoph Andersson),G-Eazy,These Things Happen,1767723355,2026-01-06 18:15:55,https://www.last.fm/music/G-Eazy/_/Tumblr+Girls+(feat.+Christoph+Andersson)
Tennis Court,Lorde,Pure Heroine,1767723601,2026-01-06 18:20:01,https://www.last.fm/music/Lorde/_/Tennis+Court
Tennis Court,Lorde,Pure Heroine,1767734091,2026-01-06 21:14:51,https://www.last.fm/music/Lorde/_/Tennis+Court
CHANEL,Tyla,CHANEL,1767734850,2026-01-06 21:27:30,https://www.last.fm/music/Tyla/_/CHANEL
PUSH 2 START,Tyla,Tyla +,1767747453,2026-01-07 00:57:33,https://www.last.fm/music/Tyla/_/PUSH+2+START
PUSH 2 START,Tyla,Tyla +,1767804642,2026-01-07 16:50:42,https://www.last.fm/music/Tyla/_/PUSH+2+START
CHANEL,Tyla,CHANEL,1767804833,2026-01-07 16:53:53,https://www.last.fm/music/Tyla/_/CHANEL
ANYTHING BUT LOVE,Tate McRae,SO CLOSE TO WHAT??? (deluxe),1767805011,2026-01-07 16:56:51,https://www.last.fm/music/Tate+McRae/_/ANYTHING+BUT+LOVE
PUSH 2 START,Tyla,Tyla +,1767805088,2026-01-07 16:58:08,https://www.last.fm/music/Tyla/_/PUSH+2+START
HORSESHOE,Tate McRae,SO CLOSE TO WHAT??? (deluxe),1767805149,2026-01-07 16:59:09,https://www.last.fm/music/Tate+McRae/_/HORSESHOE
come closer,sombr,I Barely Know Her,1767805321,2026-01-07 17:02:01,https://www.last.fm/music/sombr/_/come+closer
I'm Not Alone - MPH Remix,Calvin Harris,I'm Not Alone (MPH Remix),1767805505,2026-01-07 17:05:05,https://www.last.fm/music/Calvin+Harris/_/I%27m+Not+Alone+-+MPH+Remix
House Tour,Sabrina Carpenter,Man’s Best Friend,1767805710,2026-01-07 17:08:30,https://www.last.fm/music/Sabrina+Carpenter/_/House+Tour
Anything Could Happen,Ellie Goulding,Halcyon,1767812324,2026-01-07 18:58:44,https://www.last.fm/music/Ellie+Goulding/_/Anything+Could+Happen
The Life of a Showgirl (feat. Sabrina Carpenter),Taylor Swift,The Life of a Showgirl,1767813902,2026-01-07 19:25:02,https://www.last.fm/music/Taylor+Swift/_/The+Life+of+a+Showgirl+(feat.+Sabrina+Carpenter)
Nobody’s Son,Sabrina Carpenter,Man’s Best Friend,1767817995,2026-01-07 20:33:15,https://www.last.fm/music/Sabrina+Carpenter/_/Nobody%E2%80%99s+Son
Image,Magdalena Bay,Imaginal Disk,1767878671,2026-01-08 13:24:31,https://www.last.fm/music/Magdalena+Bay/_/Image
Headphones On,Addison Rae,Addison,1767895182,2026-01-08 17:59:42,https://www.last.fm/music/Addison+Rae/_/Headphones+On
Thinking Bout You,Ariana Grande,Dangerous Woman,1767895412,2026-01-08 18:03:32,https://www.last.fm/music/Ariana+Grande/_/Thinking+Bout+You
Julia,SZA,Z,1767895604,2026-01-08 18:06:44,https://www.last.fm/music/SZA/_/Julia
Miss possessive,Tate McRae,So Close to What,1767895815,2026-01-08 18:10:15,https://www.last.fm/music/Tate+McRae/_/Miss+possessive
Mad,Reneé Rapp,BITE ME,1767895945,2026-01-08 18:12:25,https://www.last.fm/music/Rene%C3%A9+Rapp/_/Mad
Crush,Ethel Cain,Inbred,1767896119,2026-01-08 18:15:19,https://www.last.fm/music/Ethel+Cain/_/Crush
Blowing Smoke,Gracie Abrams,The Secret of Us,1767896314,2026-01-08 18:18:34,https://www.last.fm/music/Gracie+Abrams/_/Blowing+Smoke
warm,Ariana Grande,eternal sunshine deluxe: brighter days ahead (a cappella version),1767896564,2026-01-08 18:22:44,https://www.last.fm/music/Ariana+Grande/_/warm
Scorsese Baby Daddy,SZA,SOS Deluxe: LANA,1767896756,2026-01-08 18:25:56,https://www.last.fm/music/SZA/_/Scorsese+Baby+Daddy
Bowling alley,Audrey Hobert,Who's the Clown?,1767896902,2026-01-08 18:28:22,https://www.last.fm/music/Audrey+Hobert/_/Bowling+alley
bloodonmyhands (feat. Flo Milli),Tate McRae,So Close to What,1767897048,2026-01-08 18:30:48,https://www.last.fm/music/Tate+McRae/_/bloodonmyhands+(feat.+Flo+Milli)
False God,Taylor Swift,Lover,1767897202,2026-01-08 18:33:22,https://www.last.fm/music/Taylor+Swift/_/False+God
bet u wanna,Sabrina Carpenter,emails i can't send,1767897394,2026-01-08 18:36:34,https://www.last.fm/music/Sabrina+Carpenter/_/bet+u+wanna
Track 10,Charli xcx,Pop 2,1767897576,2026-01-08 18:39:36,https://www.last.fm/music/Charli+xcx/_/Track+10
CHANEL,Tyla,CHANEL,1767897894,2026-01-08 18:44:54,https://www.last.fm/music/Tyla/_/CHANEL
PUSH 2 START,Tyla,Tyla +,1767898254,2026-01-08 18:50:54,https://www.last.fm/music/Tyla/_/PUSH+2+START
Busy Woman,Sabrina Carpenter,Short n' Sweet (Deluxe),1767898402,2026-01-08 18:53:22,https://www.last.fm/music/Sabrina+Carpenter/_/Busy+Woman
past life,Ariana Grande,eternal sunshine deluxe: brighter days ahead (a cappella version),1767898589,2026-01-08 18:56:29,https://www.last.fm/music/Ariana+Grande/_/past+life
Winter Things,Ariana Grande,Christmas & Chill,1767898795,2026-01-08 18:59:55,https://www.last.fm/music/Ariana+Grande/_/Winter+Things
What Was That,Lorde,Virgin,1767898945,2026-01-08 19:02:25,https://www.last.fm/music/Lorde/_/What+Was+That
we never dated,sombr,I Barely Know Her,1767899188,2026-01-08 19:06:28,https://www.last.fm/music/sombr/_/we+never+dated
Lucky,Britney Spears,Oops!... I Did It Again,1767899376,2026-01-08 19:09:36,https://www.last.fm/music/Britney+Spears/_/Lucky
How to disappear,Lana Del Rey,Norman Fucking Rockwell!,1767899591,2026-01-08 19:13:11,https://www.last.fm/music/Lana+Del+Rey/_/How+to+disappear
PIXELATED KISSES,Joji,PIXELATED KISSES,1767962775,2026-01-09 12:46:15,https://www.last.fm/music/Joji/_/PIXELATED+KISSES
CHANEL,Tyla,CHANEL,1767973471,2026-01-09 15:44:31,https://www.last.fm/music/Tyla/_/CHANEL
I Thought I Saw Your Face Today,She & Him,Volume One,1767983061,2026-01-09 18:24:21,https://www.last.fm/music/She+&+Him/_/I+Thought+I+Saw+Your+Face+Today
CHANEL,Tyla,CHANEL,1767994501,2026-01-09 21:35:01,https://www.last.fm/music/Tyla/_/CHANEL
Dust Bowl,Ethel Cain,"Willoughby Tucker, I'll Always Love You",1768002279,2026-01-09 23:44:39,https://www.last.fm/music/Ethel+Cain/_/Dust+Bowl
someone new,Arden Jones,someone new,1768002324,2026-01-09 23:45:24,https://www.last.fm/music/Arden+Jones/_/someone+new
Youthful Kids,it's murph,Youthful Kids,1768002554,2026-01-09 23:49:14,https://www.last.fm/music/it%27s+murph/_/Youthful+Kids
The Morning,The Weeknd,House of Balloons (Original),1768022476,2026-01-10 05:21:16,https://www.last.fm/music/The+Weeknd/_/The+Morning
Holly The Heroic,Kyle Dixon & Michael Stein,Stranger Things 5 (Original Score From The Netflix Series),1768098757,2026-01-11 02:32:37,https://www.last.fm/music/Kyle+Dixon+&+Michael+Stein/_/Holly+The+Heroic
Cinnamon,The Neighbourhood,Wiped Out! (10th Anniversary Edition),1768098757,2026-01-11 02:32:37,https://www.last.fm/music/The+Neighbourhood/_/Cinnamon
The First I love You,Kyle Dixon & Michael Stein,Stranger Things 3 (Original Score from the Netflix Original Series),1768098757,2026-01-11 02:32:37,https://www.last.fm/music/Kyle+Dixon+&+Michael+Stein/_/The+First+I+love+You
Eulogy,Kyle Dixon & Michael Stein,Stranger Things 2 (Soundtrack from the Netflix Original Series),1768098757,2026-01-11 02:32:37,https://www.last.fm/music/Kyle+Dixon+&+Michael+Stein/_/Eulogy
Kids,Kyle Dixon & Michael Stein,"Stranger Things, Vol. 1 (A Netflix Original Series Soundtrack)",1768098757,2026-01-11 02:32:37,https://www.last.fm/music/Kyle+Dixon+&+Michael+Stein/_/Kids
Stranger Things,Kyle Dixon & Michael Stein,"Stranger Things, Vol. 1 (A Netflix Original Series Soundtrack)",1768098757,2026-01-11 02:32:37,https://www.last.fm/music/Kyle+Dixon+&+Michael+Stein/_/Stranger+Things
Need You Now,Lady Antebellum,Need You Now,1768099725,2026-01-11 02:48:45,https://www.last.fm/music/Lady+Antebellum/_/Need+You+Now
In the Dark,Dev,The Night the Sun Came Up,1768099965,2026-01-11 02:52:45,https://www.last.fm/music/Dev/_/In+the+Dark
Eurosummer,Zara Larsson,Midnight Sun,1768100176,2026-01-11 02:56:16,https://www.last.fm/music/Zara+Larsson/_/Eurosummer
watch,Billie Eilish,dont smile at me,1768100331,2026-01-11 02:58:51,https://www.last.fm/music/Billie+Eilish/_/watch
What Was That,Lorde,What Was That,1768100499,2026-01-11 03:01:39,https://www.last.fm/music/Lorde/_/What+Was+That
Now or Never,Halsey,hopeless fountain kingdom (Deluxe Plus),1768100674,2026-01-11 03:04:34,https://www.last.fm/music/Halsey/_/Now+or+Never
3 Strikes,Terror Jr,Bop City,1768100897,2026-01-11 03:08:17,https://www.last.fm/music/Terror+Jr/_/3+Strikes
White Mustang,Lana Del Rey,Lust for Life,1768101087,2026-01-11 03:11:27,https://www.last.fm/music/Lana+Del+Rey/_/White+Mustang
"Paris, Texas (feat. SYML)",Lana Del Rey,Did you know that there's a tunnel under Ocean Blvd,1768101242,2026-01-11 03:14:02,"https://www.last.fm/music/Lana+Del+Rey/_/Paris,+Texas+(feat.+SYML)"
Cinnamon Girl,Lana Del Rey,Norman Fucking Rockwell!,1768118624,2026-01-11 08:03:44,https://www.last.fm/music/Lana+Del+Rey/_/Cinnamon+Girl
CHANEL,Tyla,CHANEL,1768166485,2026-01-11 21:21:25,https://www.last.fm/music/Tyla/_/CHANEL
CHANEL,Tyla,CHANEL,1768172507,2026-01-11 23:01:47,https://www.last.fm/music/Tyla/_/CHANEL
Stateside + Zara Larsson,PinkPantheress,Fancy Some More?,1768172718,2026-01-11 23:05:18,https://www.last.fm/music/PinkPantheress/_/Stateside+%252B+Zara+Larsson
HORSESHOE,Tate McRae,SO CLOSE TO WHAT??? (deluxe),1768172935,2026-01-11 23:08:55,https://www.last.fm/music/Tate+McRae/_/HORSESHOE
I Just Might,Bruno Mars,I Just Might,1768173114,2026-01-11 23:11:54,https://www.last.fm/music/Bruno+Mars/_/I+Just+Might
Jealous Type,Doja Cat,Vie,1768173317,2026-01-11 23:15:17,https://www.last.fm/music/Doja+Cat/_/Jealous+Type
Whatcha Doing,Dua Lipa,Radical Optimism,1768174740,2026-01-11 23:39:00,https://www.last.fm/music/Dua+Lipa/_/Whatcha+Doing
Skate,Bruno Mars,An Evening with Silk Sonic,1768174742,2026-01-11 23:39:02,https://www.last.fm/music/Bruno+Mars/_/Skate
Houdini,Dua Lipa,Radical Optimism,1768174928,2026-01-11 23:42:08,https://www.last.fm/music/Dua+Lipa/_/Houdini
NOBODY'S GIRL,Tate McRae,SO CLOSE TO WHAT??? (deluxe),1768175106,2026-01-11 23:45:06,https://www.last.fm/music/Tate+McRae/_/NOBODY%27S+GIRL
My Boy Only Breaks His Favorite Toys,Taylor Swift,THE TORTURED POETS DEPARTMENT,1768175295,2026-01-11 23:48:15,https://www.last.fm/music/Taylor+Swift/_/My+Boy+Only+Breaks+His+Favorite+Toys
CHANEL,Tyla,CHANEL,1768175509,2026-01-11 23:51:49,https://www.last.fm/music/Tyla/_/CHANEL
In the Rain,Addison Rae,Addison,1768175583,2026-01-11 23:53:03,https://www.last.fm/music/Addison+Rae/_/In+the+Rain
Run Your Mouth,The Marías,Submarine,1768186722,2026-01-12 02:58:42,https://www.last.fm/music/The+Mar%C3%ADas/_/Run+Your+Mouth
Midnight Sun,Zara Larsson,Midnight Sun,1768186729,2026-01-12 02:58:49,https://www.last.fm/music/Zara+Larsson/_/Midnight+Sun
Blue Moon,Zara Larsson,Midnight Sun,1768186927,2026-01-12 03:02:07,https://www.last.fm/music/Zara+Larsson/_/Blue+Moon
Hot & Sexy,Zara Larsson,Midnight Sun,1768187099,2026-01-12 03:04:59,https://www.last.fm/music/Zara+Larsson/_/Hot+&+Sexy
Pretty Ugly,Zara Larsson,Midnight Sun,1768187292,2026-01-12 03:08:12,https://www.last.fm/music/Zara+Larsson/_/Pretty+Ugly
23,Mike Will Made-It,23,1768189222,2026-01-12 03:40:22,https://www.last.fm/music/Mike+Will+Made-It/_/23
We Can't Stop,Miley Cyrus,Bangerz (Deluxe Version),1768194683,2026-01-12 05:11:23,https://www.last.fm/music/Miley+Cyrus/_/We+Can%27t+Stop
Now or Never,Halsey,hopeless fountain kingdom (Deluxe Plus),1768194906,2026-01-12 05:15:06,https://www.last.fm/music/Halsey/_/Now+or+Never
Roses,The Chainsmokers,Roses,1768195149,2026-01-12 05:19:09,https://www.last.fm/music/The+Chainsmokers/_/Roses
CHANEL,Tyla,CHANEL,1768242291,2026-01-12 18:24:51,https://www.last.fm/music/Tyla/_/CHANEL
Truth or dare,Tyla,TYLA,1768242469,2026-01-12 18:27:49,https://www.last.fm/music/Tyla/_/Truth+or+dare
CHANEL,Tyla,CHANEL,1768247879,2026-01-12 19:57:59,https://www.last.fm/music/Tyla/_/CHANEL
PUSH 2 START,Tyla,Tyla +,1768248057,2026-01-12 20:00:57,https://www.last.fm/music/Tyla/_/PUSH+2+START
Chanel No.5,Camila Cabello,"C,XOXO",1768248205,2026-01-12 20:03:25,https://www.last.fm/music/Camila+Cabello/_/Chanel+No.5
Folded,Kehlani,Folded,1768248381,2026-01-12 20:06:21,https://www.last.fm/music/Kehlani/_/Folded
up at night (feat. Justin Bieber),Kehlani,blue water road,1768248609,2026-01-12 20:10:09,https://www.last.fm/music/Kehlani/_/up+at+night+(feat.+Justin+Bieber)
get me started (feat. syd),Kehlani,blue water road,1768248791,2026-01-12 20:13:11,https://www.last.fm/music/Kehlani/_/get+me+started+(feat.+syd)
altar,Kehlani,blue water road,1768248952,2026-01-12 20:15:52,https://www.last.fm/music/Kehlani/_/altar
Low,SZA,SOS,1768249188,2026-01-12 20:19:48,https://www.last.fm/music/SZA/_/Low
Confident,Justin Bieber,Journals,1768249361,2026-01-12 20:22:41,https://www.last.fm/music/Justin+Bieber/_/Confident
Agora Hills,Doja Cat,Scarlet,1768250275,2026-01-12 20:37:55,https://www.last.fm/music/Doja+Cat/_/Agora+Hills
NOBODY'S GIRL,Tate McRae,SO CLOSE TO WHAT??? (deluxe),1768250580,2026-01-12 20:43:00,https://www.last.fm/music/Tate+McRae/_/NOBODY%27S+GIRL
Stateside + Zara Larsson,PinkPantheress,Fancy Some More?,1768250749,2026-01-12 20:45:49,https://www.last.fm/music/PinkPantheress/_/Stateside+%252B+Zara+Larsson
Company,Justin Bieber,Purpose (Deluxe),1768250924,2026-01-12 20:48:44,https://www.last.fm/music/Justin+Bieber/_/Company
I'll Show You,Justin Bieber,Purpose (Deluxe),1768251133,2026-01-12 20:52:13,https://www.last.fm/music/Justin+Bieber/_/I%27ll+Show+You
"girl, get up. (Feat. SZA)",Doechii,"girl, get up. (feat. SZA)",1768251378,2026-01-12 20:56:18,"https://www.last.fm/music/Doechii/_/girl,+get+up.+(Feat.+SZA)"
What Do You Mean?,Justin Bieber,Purpose (Deluxe),1768251563,2026-01-12 20:59:23,https://www.last.fm/music/Justin+Bieber/_/What+Do+You+Mean%3F
Mosquito,PinkPantheress,Heaven knows,1768251759,2026-01-12 21:02:39,https://www.last.fm/music/PinkPantheress/_/Mosquito
Capable of love,PinkPantheress,Heaven knows,1768251896,2026-01-12 21:04:56,https://www.last.fm/music/PinkPantheress/_/Capable+of+love
come closer,sombr,I Barely Know Her,1768252111,2026-01-12 21:08:31,https://www.last.fm/music/sombr/_/come+closer
Dopamine,Robyn,Dopamine,1768252297,2026-01-12 21:11:37,https://www.last.fm/music/Robyn/_/Dopamine
Outbound,After,After EP 2,1768252503,2026-01-12 21:15:03,https://www.last.fm/music/After/_/Outbound
Phoebe,Audrey Hobert,Who's the Clown?,1768252722,2026-01-12 21:18:42,https://www.last.fm/music/Audrey+Hobert/_/Phoebe
Open Season,High Highs,Open Season,1768252947,2026-01-12 21:22:27,https://www.last.fm/music/High+Highs/_/Open+Season
Wet Hair,Audrey Hobert,Who's the Clown?,1768253170,2026-01-12 21:26:10,https://www.last.fm/music/Audrey+Hobert/_/Wet+Hair
All the Time,Zara Larsson,All The Time,1768253349,2026-01-12 21:29:09,https://www.last.fm/music/Zara+Larsson/_/All+the+Time
Back on You,Djo,The Crux Deluxe,1768253568,2026-01-12 21:32:48,https://www.last.fm/music/Djo/_/Back+on+You
Charlie's Garden,Djo,The Crux Deluxe,1768253883,2026-01-12 21:38:03,https://www.last.fm/music/Djo/_/Charlie%27s+Garden
Egg,Djo,The Crux Deluxe,1768254080,2026-01-12 21:41:20,https://www.last.fm/music/Djo/_/Egg
Delete Ya,Djo,The Crux Deluxe,1768254347,2026-01-12 21:45:47,https://www.last.fm/music/Djo/_/Delete+Ya
Potion,Djo,The Crux Deluxe,1768254542,2026-01-12 21:49:02,https://www.last.fm/music/Djo/_/Potion
Lonesome Is a State of Mind,Djo,The Crux Deluxe,1768254701,2026-01-12 21:51:41,https://www.last.fm/music/Djo/_/Lonesome+Is+a+State+of+Mind
Chateau (Feel Alright),Djo,Twenty Twenty,1768254952,2026-01-12 21:55:52,https://www.last.fm/music/Djo/_/Chateau+(Feel+Alright)
Without Me,Halsey,Manic,1768255225,2026-01-12 22:00:25,https://www.last.fm/music/Halsey/_/Without+Me
You da One,Rihanna,Talk That Talk,1768255418,2026-01-12 22:03:38,https://www.last.fm/music/Rihanna/_/You+da+One
3,Britney Spears,The Essential Britney Spears,1768255609,2026-01-12 22:06:49,https://www.last.fm/music/Britney+Spears/_/3
Bad at Love,Halsey,hopeless fountain kingdom (Deluxe Plus),1768255806,2026-01-12 22:10:06,https://www.last.fm/music/Halsey/_/Bad+at+Love
Now or Never,Halsey,hopeless fountain kingdom (Deluxe Plus),1768255979,2026-01-12 22:12:59,https://www.last.fm/music/Halsey/_/Now+or+Never
Cinnamon,The Neighbourhood,Wiped Out! (10th Anniversary Edition),1768256185,2026-01-12 22:16:25,https://www.last.fm/music/The+Neighbourhood/_/Cinnamon
Out The Window,Kehlani,Out The Window,1768256384,2026-01-12 22:19:44,https://www.last.fm/music/Kehlani/_/Out+The+Window
Yellow Flicker Beat,Lorde,The Hunger Games: Mockingjay Pt. 1 (Original Motion Picture Soundtrack),1768256632,2026-01-12 22:23:52,https://www.last.fm/music/Lorde/_/Yellow+Flicker+Beat
HE KNOWS (feat. Lil Nas X),Camila Cabello,"C,XOXO",1768256857,2026-01-12 22:27:37,https://www.last.fm/music/Camila+Cabello/_/HE+KNOWS+(feat.+Lil+Nas+X)
Forever,CHVRCHES,Love is Dead,1768257031,2026-01-12 22:30:31,https://www.last.fm/music/CHVRCHES/_/Forever
Sexual,NEIKED,Sexual,1768257247,2026-01-12 22:34:07,https://www.last.fm/music/NEIKED/_/Sexual
Open Season,High Highs,Open Season,1768257476,2026-01-12 22:37:56,https://www.last.fm/music/High+Highs/_/Open+Season
Whatcha Doing,Dua Lipa,Radical Optimism,1768257699,2026-01-12 22:41:39,https://www.last.fm/music/Dua+Lipa/_/Whatcha+Doing
Cry Baby,The Neighbourhood,Wiped Out!,1768257888,2026-01-12 22:44:48,https://www.last.fm/music/The+Neighbourhood/_/Cry+Baby
Somebody Else,The 1975,"I like it when you sleep, for you are so beautiful yet so unaware of it",1768258115,2026-01-12 22:48:35,https://www.last.fm/music/The+1975/_/Somebody+Else
Habits of My Heart,Jaymes Young,Habits of My Heart,1768258454,2026-01-12 22:54:14,https://www.last.fm/music/Jaymes+Young/_/Habits+of+My+Heart
Another Life,SZA,SOS Deluxe: LANA,1768258951,2026-01-12 23:02:31,https://www.last.fm/music/SZA/_/Another+Life
No Air (feat. Chris Brown),Jordin Sparks,Jordin Sparks,1768259632,2026-01-12 23:13:52,https://www.last.fm/music/Jordin+Sparks/_/No+Air+(feat.+Chris+Brown)
Ruin the Friendship,Taylor Swift,The Life of a Showgirl,1768259882,2026-01-12 23:18:02,https://www.last.fm/music/Taylor+Swift/_/Ruin+the+Friendship
Private,The Neighbourhood,Private,1768260093,2026-01-12 23:21:33,https://www.last.fm/music/The+Neighbourhood/_/Private
Everything Has Changed (feat. Ed Sheeran) (Taylor’s Version),Taylor Swift,Red (Taylor's Version),1768260336,2026-01-12 23:25:36,https://www.last.fm/music/Taylor+Swift/_/Everything+Has+Changed+(feat.+Ed+Sheeran)+(Taylor%E2%80%99s+Version)
HE KNOWS (feat. Lil Nas X),Camila Cabello,"C,XOXO",1768260573,2026-01-12 23:29:33,https://www.last.fm/music/Camila+Cabello/_/HE+KNOWS+(feat.+Lil+Nas+X)
Now or Never,Halsey,hopeless fountain kingdom (Deluxe Plus),1768260773,2026-01-12 23:32:53,https://www.last.fm/music/Halsey/_/Now+or+Never
Without Me,Halsey,Manic,1768260979,2026-01-12 23:36:19,https://www.last.fm/music/Halsey/_/Without+Me
Bad at Love,Halsey,hopeless fountain kingdom (Deluxe Plus),1768261192,2026-01-12 23:39:52,https://www.last.fm/music/Halsey/_/Bad+at+Love
Hate Me,Ellie Goulding,Brightest Blue,1768261365,2026-01-12 23:42:45,https://www.last.fm/music/Ellie+Goulding/_/Hate+Me
Adore You,Miley Cyrus,Bangerz (Deluxe Version),1768261549,2026-01-12 23:45:49,https://www.last.fm/music/Miley+Cyrus/_/Adore+You
Slide Away,Miley Cyrus,She Is Coming,1768261818,2026-01-12 23:50:18,https://www.last.fm/music/Miley+Cyrus/_/Slide+Away
SUGAR (Remix) [feat. Dua Lipa],BROCKHAMPTON,SUGAR (Remix) [feat. Dua Lipa],1768262043,2026-01-12 23:54:03,https://www.last.fm/music/BROCKHAMPTON/_/SUGAR+(Remix)+%5Bfeat.+Dua+Lipa%5D
Sugar Talking,Sabrina Carpenter,Man’s Best Friend,1768262256,2026-01-12 23:57:36,https://www.last.fm/music/Sabrina+Carpenter/_/Sugar+Talking
Habits (Stay High),Tove Lo,Queen of the Clouds,1768262431,2026-01-13 00:00:31,https://www.last.fm/music/Tove+Lo/_/Habits+(Stay+High)
Habits (Stay High),Tove Lo,Queen of the Clouds,1768265665,2026-01-13 00:54:25,https://www.last.fm/music/Tove+Lo/_/Habits+(Stay+High)
Strangers,Halsey,hopeless fountain kingdom (Deluxe Plus),1768265665,2026-01-13 00:54:25,https://www.last.fm/music/Halsey/_/Strangers
Habits of My Heart,Jaymes Young,Habits of My Heart,1768281513,2026-01-13 05:18:33,https://www.last.fm/music/Jaymes+Young/_/Habits+of+My+Heart
Need You Now,Lady Antebellum,Need You Now,1768281794,2026-01-13 05:23:14,https://www.last.fm/music/Lady+Antebellum/_/Need+You+Now
Another Life,SZA,SOS Deluxe: LANA,1768284212,2026-01-13 06:03:32,https://www.last.fm/music/SZA/_/Another+Life
"Paris, Texas (feat. SYML)",Lana Del Rey,Did you know that there's a tunnel under Ocean Blvd,1768329105,2026-01-13 18:31:45,"https://www.last.fm/music/Lana+Del+Rey/_/Paris,+Texas+(feat.+SYML)"
CHANEL,Tyla,CHANEL,1768329656,2026-01-13 18:40:56,https://www.last.fm/music/Tyla/_/CHANEL
up at night (feat. Justin Bieber),Kehlani,blue water road,1768329835,2026-01-13 18:43:55,https://www.last.fm/music/Kehlani/_/up+at+night+(feat.+Justin+Bieber)
get me started (feat. syd),Kehlani,blue water road,1768330017,2026-01-13 18:46:57,https://www.last.fm/music/Kehlani/_/get+me+started+(feat.+syd)
Daddy Issues - Remix,The Neighbourhood,Wiped Out! (10th Anniversary Edition),1768330178,2026-01-13 18:49:38,https://www.last.fm/music/The+Neighbourhood/_/Daddy+Issues+-+Remix
altar,Kehlani,blue water road,1768330374,2026-01-13 18:52:54,https://www.last.fm/music/Kehlani/_/altar
Mosquito,PinkPantheress,Heaven knows,1768330610,2026-01-13 18:56:50,https://www.last.fm/music/PinkPantheress/_/Mosquito
Capable of love,PinkPantheress,Heaven knows,1768330748,2026-01-13 18:59:08,https://www.last.fm/music/PinkPantheress/_/Capable+of+love
Open Season,High Highs,Open Season,1768330963,2026-01-13 19:02:43,https://www.last.fm/music/High+Highs/_/Open+Season
Back on You,Djo,The Crux Deluxe,1768331186,2026-01-13 19:06:26,https://www.last.fm/music/Djo/_/Back+on+You
Charlie's Garden,Djo,The Crux Deluxe,1768331501,2026-01-13 19:11:41,https://www.last.fm/music/Djo/_/Charlie%27s+Garden
Potion,Djo,The Crux Deluxe,1768331697,2026-01-13 19:14:57,https://www.last.fm/music/Djo/_/Potion
Lonesome Is a State of Mind,Djo,The Crux Deluxe,1768331938,2026-01-13 19:18:58,https://www.last.fm/music/Djo/_/Lonesome+Is+a+State+of+Mind
Delete Ya,Djo,The Crux Deluxe,1768332189,2026-01-13 19:23:09,https://www.last.fm/music/Djo/_/Delete+Ya
Chateau (Feel Alright),Djo,Twenty Twenty,1768336172,2026-01-13 20:29:32,https://www.last.fm/music/Djo/_/Chateau+(Feel+Alright)
Real Life,The Marías,Submarine,1768336435,2026-01-13 20:33:55,https://www.last.fm/music/The+Mar%C3%ADas/_/Real+Life
LoveBomb,The Neighbourhood,(((((ultraSOUND))))),1768336634,2026-01-13 20:37:14,https://www.last.fm/music/The+Neighbourhood/_/LoveBomb
Dust Bowl,Ethel Cain,"Willoughby Tucker, I'll Always Love You",1768336832,2026-01-13 20:40:32,https://www.last.fm/music/Ethel+Cain/_/Dust+Bowl
Janie,Ethel Cain,"Willoughby Tucker, I'll Always Love You",1768337209,2026-01-13 20:46:49,https://www.last.fm/music/Ethel+Cain/_/Janie
Fuck Me Eyes,Ethel Cain,"Willoughby Tucker, I'll Always Love You",1768337501,2026-01-13 20:51:41,https://www.last.fm/music/Ethel+Cain/_/Fuck+Me+Eyes
Fade Into You,Mazzy Star,So Tonight That I Might See,1768337857,2026-01-13 20:57:37,https://www.last.fm/music/Mazzy+Star/_/Fade+Into+You
Winter Things,Ariana Grande,Christmas & Chill (Japan Version),1768338144,2026-01-13 21:02:24,https://www.last.fm/music/Ariana+Grande/_/Winter+Things
Florida Kilos,Lana Del Rey,Ultraviolence (Deluxe),1768338372,2026-01-13 21:06:12,https://www.last.fm/music/Lana+Del+Rey/_/Florida+Kilos
"Everywhere, Everything (with Gracie Abrams)",Noah Kahan,Stick Season (Forever),1768338618,2026-01-13 21:10:18,"https://www.last.fm/music/Noah+Kahan/_/Everywhere,+Everything+(with+Gracie+Abrams)"
Folded,Kehlani,Folded,1768339287,2026-01-13 21:21:27,https://www.last.fm/music/Kehlani/_/Folded
Nights Like This (feat. Ty Dolla $ign),Kehlani,While We Wait,1768339515,2026-01-13 21:25:15,https://www.last.fm/music/Kehlani/_/Nights+Like+This+(feat.+Ty+Dolla+$ign)
nasty,Ariana Grande,Positions,1768339683,2026-01-13 21:28:03,https://www.last.fm/music/Ariana+Grande/_/nasty
3,Britney Spears,The Essential Britney Spears,1768339874,2026-01-13 21:31:14,https://www.last.fm/music/Britney+Spears/_/3
EoO,Bad Bunny,DeBÍ TiRAR MáS FOToS,1768340071,2026-01-13 21:34:31,https://www.last.fm/music/Bad+Bunny/_/EoO
VOY A LLeVARTE PA PR,Bad Bunny,DeBÍ TiRAR MáS FOToS,1768340276,2026-01-13 21:37:56,https://www.last.fm/music/Bad+Bunny/_/VOY+A+LLeVARTE+PA+PR
NUEVAYoL,Bad Bunny,DeBÍ TiRAR MáS FOToS,1768340424,2026-01-13 21:40:24,https://www.last.fm/music/Bad+Bunny/_/NUEVAYoL
BAILE INoLVIDABLE,Bad Bunny,DeBÍ TiRAR MáS FOToS,1768340599,2026-01-13 21:43:19,https://www.last.fm/music/Bad+Bunny/_/BAILE+INoLVIDABLE
DtMF,Bad Bunny,DeBÍ TiRAR MáS FOToS,1768340785,2026-01-13 21:46:25,https://www.last.fm/music/Bad+Bunny/_/DtMF
TURiSTA,Bad Bunny,DeBÍ TiRAR MáS FOToS,1768341013,2026-01-13 21:50:13,https://www.last.fm/music/Bad+Bunny/_/TURiSTA
Ease My Mind,Chris Lake,Chemistry,1768341194,2026-01-13 21:53:14,https://www.last.fm/music/Chris+Lake/_/Ease+My+Mind
Talk to Me,Robyn,Sexistential / Talk To Me,1768341377,2026-01-13 21:56:17,https://www.last.fm/music/Robyn/_/Talk+to+Me
Sexistential,Robyn,Sexistential / Talk To Me,1768341577,2026-01-13 21:59:37,https://www.last.fm/music/Robyn/_/Sexistential
Dancing On My Own - Radio Edit,Robyn,Body Talk,1768341709,2026-01-13 22:01:49,https://www.last.fm/music/Robyn/_/Dancing+On+My+Own+-+Radio+Edit
come closer,sombr,I Barely Know Her,1768341979,2026-01-13 22:06:19,https://www.last.fm/music/sombr/_/come+closer
You - Ha Ha Ha,Charli xcx,True Romance,1768342196,2026-01-13 22:09:56,https://www.last.fm/music/Charli+xcx/_/You+-+Ha+Ha+Ha
anthems,Charli xcx,how i'm feeling now,1768342374,2026-01-13 22:12:54,https://www.last.fm/music/Charli+xcx/_/anthems
Julia,SZA,Z,1768342538,2026-01-13 22:15:38,https://www.last.fm/music/SZA/_/Julia
Tonight,PinkPantheress,Fancy That,1768342755,2026-01-13 22:19:15,https://www.last.fm/music/PinkPantheress/_/Tonight
supernatural (with Troye Sivan) - Remix,Ariana Grande,eternal sunshine (slightly deluxe),1768342920,2026-01-13 22:22:00,https://www.last.fm/music/Ariana+Grande/_/supernatural+(with+Troye+Sivan)+-+Remix
Tonight,PinkPantheress,Fancy That,1768342930,2026-01-13 22:22:10,https://www.last.fm/music/PinkPantheress/_/Tonight
SUGAR (Remix) [feat. Dua Lipa],BROCKHAMPTON,SUGAR (Remix) [feat. Dua Lipa],1768343075,2026-01-13 22:24:35,https://www.last.fm/music/BROCKHAMPTON/_/SUGAR+(Remix)+%5Bfeat.+Dua+Lipa%5D
Lost in My Bedroom,Sky Ferreira,Ghost,1768343289,2026-01-13 22:28:09,https://www.last.fm/music/Sky+Ferreira/_/Lost+in+My+Bedroom
What I Like,Charli xcx,True Romance,1768343475,2026-01-13 22:31:15,https://www.last.fm/music/Charli+xcx/_/What+I+Like
Nuclear Seasons,Charli xcx,True Romance,1768343648,2026-01-13 22:34:08,https://www.last.fm/music/Charli+xcx/_/Nuclear+Seasons
Grins,Charli xcx,True Romance,1768343920,2026-01-13 22:38:40,https://www.last.fm/music/Charli+xcx/_/Grins
So Far Away,Charli xcx,True Romance,1768344153,2026-01-13 22:42:33,https://www.last.fm/music/Charli+xcx/_/So+Far+Away
Anything Could Happen,Ellie Goulding,Halcyon,1768344346,2026-01-13 22:45:46,https://www.last.fm/music/Ellie+Goulding/_/Anything+Could+Happen
Talk to Me,Robyn,Sexistential / Talk To Me,1768344624,2026-01-13 22:50:24,https://www.last.fm/music/Robyn/_/Talk+to+Me
Basic Being Basic,Djo,The Crux,1768344814,2026-01-13 22:53:34,https://www.last.fm/music/Djo/_/Basic+Being+Basic
High Fashion,Addison Rae,Addison,1768344964,2026-01-13 22:56:04,https://www.last.fm/music/Addison+Rae/_/High+Fashion
Let Me Love You,Ariana Grande,Dangerous Woman,1768345154,2026-01-13 22:59:14,https://www.last.fm/music/Ariana+Grande/_/Let+Me+Love+You
Knew Better / Forever Boy,Ariana Grande,Dangerous Woman,1768345369,2026-01-13 23:02:49,https://www.last.fm/music/Ariana+Grande/_/Knew+Better+%2F+Forever+Boy
Dopamine,Robyn,Dopamine,1768345702,2026-01-13 23:08:22,https://www.last.fm/music/Robyn/_/Dopamine
Stateside + Zara Larsson,PinkPantheress,Fancy Some More?,1768345908,2026-01-13 23:11:48,https://www.last.fm/music/PinkPantheress/_/Stateside+%252B+Zara+Larsson
What I Like,Charli xcx,True Romance,1768348912,2026-01-14 00:01:52,https://www.last.fm/music/Charli+xcx/_/What+I+Like
Midnight Sun,Zara Larsson,Midnight Sun,1768348915,2026-01-14 00:01:55,https://www.last.fm/music/Zara+Larsson/_/Midnight+Sun
EoO,Bad Bunny,DeBÍ TiRAR MáS FOToS,1768349102,2026-01-14 00:05:02,https://www.last.fm/music/Bad+Bunny/_/EoO
EoO,Bad Bunny,DeBÍ TiRAR MáS FOToS,1768354572,2026-01-14 01:36:12,https://www.last.fm/music/Bad+Bunny/_/EoO
VOY A LLeVARTE PA PR,Bad Bunny,DeBÍ TiRAR MáS FOToS,1768355659,2026-01-14 01:54:19,https://www.last.fm/music/Bad+Bunny/_/VOY+A+LLeVARTE+PA+PR
NUEVAYoL,Bad Bunny,DeBÍ TiRAR MáS FOToS,1768355814,2026-01-14 01:56:54,https://www.last.fm/music/Bad+Bunny/_/NUEVAYoL
VOY A LLeVARTE PA PR,Bad Bunny,DeBÍ TiRAR MáS FOToS,1768364411,2026-01-14 04:20:11,https://www.last.fm/music/Bad+Bunny/_/VOY+A+LLeVARTE+PA+PR
Dust Bowl,Ethel Cain,"Willoughby Tucker, I'll Always Love You",1768365204,2026-01-14 04:33:24,https://www.last.fm/music/Ethel+Cain/_/Dust+Bowl
CHANEL,Tyla,CHANEL,1768365513,2026-01-14 04:38:33,https://www.last.fm/music/Tyla/_/CHANEL
up at night (feat. Justin Bieber),Kehlani,blue water road,1768365704,2026-01-14 04:41:44,https://www.last.fm/music/Kehlani/_/up+at+night+(feat.+Justin+Bieber)
altar,Kehlani,blue water road,1768365898,2026-01-14 04:44:58,https://www.last.fm/music/Kehlani/_/altar
Mosquito,PinkPantheress,Heaven knows,1768366133,2026-01-14 04:48:53,https://www.last.fm/music/PinkPantheress/_/Mosquito
House Tour,Sabrina Carpenter,Man’s Best Friend,1768366284,2026-01-14 04:51:24,https://www.last.fm/music/Sabrina+Carpenter/_/House+Tour
yes baby,Madison Beer,yes baby,1768366495,2026-01-14 04:54:55,https://www.last.fm/music/Madison+Beer/_/yes+baby
Good Girl,Reneé Rapp,BITE ME,1768366661,2026-01-14 04:57:41,https://www.last.fm/music/Rene%C3%A9+Rapp/_/Good+Girl
Dracula,Tame Impala,Deadbeat,1768366845,2026-01-14 05:00:45,https://www.last.fm/music/Tame+Impala/_/Dracula
Stateside + Zara Larsson,PinkPantheress,Fancy Some More?,1768367052,2026-01-14 05:04:12,https://www.last.fm/music/PinkPantheress/_/Stateside+%252B+Zara+Larsson
TIT FOR TAT,Tate McRae,SO CLOSE TO WHAT??? (deluxe),1768367227,2026-01-14 05:07:07,https://www.last.fm/music/Tate+McRae/_/TIT+FOR+TAT
Kiss It Kiss It,Reneé Rapp,BITE ME,1768367395,2026-01-14 05:09:55,https://www.last.fm/music/Rene%C3%A9+Rapp/_/Kiss+It+Kiss+It
Actor,Conan Gray,Wishbone,1768373246,2026-01-14 06:47:26,https://www.last.fm/music/Conan+Gray/_/Actor
Midnight Sun,Zara Larsson,Midnight Sun,1768376046,2026-01-14 07:34:06,https://www.last.fm/music/Zara+Larsson/_/Midnight+Sun
What Am I,Why Don't We,What Am I,1768376048,2026-01-14 07:34:08,https://www.last.fm/music/Why+Don%27t+We/_/What+Am+I
Blue Moon,Zara Larsson,Midnight Sun,1768376239,2026-01-14 07:37:19,https://www.last.fm/music/Zara+Larsson/_/Blue+Moon
Hot & Sexy,Zara Larsson,Midnight Sun,1768376412,2026-01-14 07:40:12,https://www.last.fm/music/Zara+Larsson/_/Hot+&+Sexy
So Good - Recorded at Spotify Studios NYC,Zara Larsson,Spotify Singles,1768377198,2026-01-14 07:53:18,https://www.last.fm/music/Zara+Larsson/_/So+Good+-+Recorded+at+Spotify+Studios+NYC
So Good (feat. Ty Dolla $ign),Zara Larsson,So Good,1768409681,2026-01-14 16:54:41,https://www.last.fm/music/Zara+Larsson/_/So+Good+(feat.+Ty+Dolla+$ign)
I Would Like,Zara Larsson,So Good,1768409838,2026-01-14 16:57:18,https://www.last.fm/music/Zara+Larsson/_/I+Would+Like
My My My!,Troye Sivan,Bloom,1768410054,2026-01-14 17:00:54,https://www.last.fm/music/Troye+Sivan/_/My+My+My!
Make Me... (feat. G-Eazy),Britney Spears,Glory (Deluxe),1768413947,2026-01-14 18:05:47,https://www.last.fm/music/Britney+Spears/_/Make+Me...+(feat.+G-Eazy)
TG4M,Zara Larsson,So Good,1768414197,2026-01-14 18:09:57,https://www.last.fm/music/Zara+Larsson/_/TG4M
It Ain’t Me (with Selena Gomez),Kygo,It Ain't Me,1768414360,2026-01-14 18:12:40,https://www.last.fm/music/Kygo/_/It+Ain%E2%80%99t+Me+(with+Selena+Gomez)
The Heart Wants What It Wants,Selena Gomez,The Heart Wants What It Wants,1768414610,2026-01-14 18:16:50,https://www.last.fm/music/Selena+Gomez/_/The+Heart+Wants+What+It+Wants
Roses,The Chainsmokers,Roses,1768414861,2026-01-14 18:21:01,https://www.last.fm/music/The+Chainsmokers/_/Roses
A Year Without Rain,Selena Gomez & the Scene,A Year Without Rain,1768415079,2026-01-14 18:24:39,https://www.last.fm/music/Selena+Gomez+&+the+Scene/_/A+Year+Without+Rain
A Year Without Rain,Selena Gomez & the Scene,A Year Without Rain,1768415793,2026-01-14 18:36:33,https://www.last.fm/music/Selena+Gomez+&+the+Scene/_/A+Year+Without+Rain
Die On This Hill,Sienna Spiro,Die on this hill,1768416751,2026-01-14 18:52:31,https://www.last.fm/music/Sienna+Spiro/_/Die+On+This+Hill
Iris,Goo Goo Dolls,Dizzy Up the Girl,1768416951,2026-01-14 18:55:51,https://www.last.fm/music/Goo+Goo+Dolls/_/Iris
Moth to a Flame (with The Weeknd),Swedish House Mafia,Moth to a Flame,1768417220,2026-01-14 19:00:20,https://www.last.fm/music/Swedish+House+Mafia/_/Moth+to+a+Flame+(with+The+Weeknd)
Unholy,Miley Cyrus,She Is Coming,1768417444,2026-01-14 19:04:04,https://www.last.fm/music/Miley+Cyrus/_/Unholy
Slide Away,Miley Cyrus,She Is Coming,1768417587,2026-01-14 19:06:27,https://www.last.fm/music/Miley+Cyrus/_/Slide+Away
Him & I (with Halsey),G-Eazy,The Beautiful & Damned,1768417812,2026-01-14 19:10:12,https://www.last.fm/music/G-Eazy/_/Him+&+I+(with+Halsey)
Lady Killers II,G-Eazy,Lady Killers II,1768418072,2026-01-14 19:14:32,https://www.last.fm/music/G-Eazy/_/Lady+Killers+II
Motion,Khalid,Suncity,1768418361,2026-01-14 19:19:21,https://www.last.fm/music/Khalid/_/Motion
Open Season,High Highs,Open Season,1768418588,2026-01-14 19:23:08,https://www.last.fm/music/High+Highs/_/Open+Season
Talk to Me,Robyn,Sexistential / Talk To Me,1768420564,2026-01-14 19:56:04,https://www.last.fm/music/Robyn/_/Talk+to+Me
What I Like,Charli xcx,True Romance,1768420768,2026-01-14 19:59:28,https://www.last.fm/music/Charli+xcx/_/What+I+Like
Nuclear Seasons,Charli xcx,True Romance,1768423491,2026-01-14 20:44:51,https://www.last.fm/music/Charli+xcx/_/Nuclear+Seasons
Grins,Charli xcx,True Romance,1768423764,2026-01-14 20:49:24,https://www.last.fm/music/Charli+xcx/_/Grins
Acts of Service,Doja Cat,Vie,1768423945,2026-01-14 20:52:25,https://www.last.fm/music/Doja+Cat/_/Acts+of+Service
Stranger,Doja Cat,Vie,1768424147,2026-01-14 20:55:47,https://www.last.fm/music/Doja+Cat/_/Stranger
Loser,Tame Impala,Deadbeat,1768424339,2026-01-14 20:58:59,https://www.last.fm/music/Tame+Impala/_/Loser
List of People (to Try and Forget About),Tame Impala,Currents B-Sides & Remixes,1768424554,2026-01-14 21:02:34,https://www.last.fm/music/Tame+Impala/_/List+of+People+(to+Try+and+Forget+About)
Such A Funny Way,Sabrina Carpenter,Man’s Best Friend (Bonus Track Version),1768424837,2026-01-14 21:07:17,https://www.last.fm/music/Sabrina+Carpenter/_/Such+A+Funny+Way
Headphones On,Addison Rae,Addison,1768425061,2026-01-14 21:11:01,https://www.last.fm/music/Addison+Rae/_/Headphones+On
Back on You,Djo,The Crux Deluxe,1768425309,2026-01-14 21:15:09,https://www.last.fm/music/Djo/_/Back+on+You
Charlie's Garden,Djo,The Crux Deluxe,1768425623,2026-01-14 21:20:23,https://www.last.fm/music/Djo/_/Charlie%27s+Garden
Potion,Djo,The Crux Deluxe,1768425819,2026-01-14 21:23:39,https://www.last.fm/music/Djo/_/Potion
Lonesome Is a State of Mind,Djo,The Crux Deluxe,1768425978,2026-01-14 21:26:18,https://www.last.fm/music/Djo/_/Lonesome+Is+a+State+of+Mind
Delete Ya,Djo,The Crux Deluxe,1768426230,2026-01-14 21:30:30,https://www.last.fm/music/Djo/_/Delete+Ya
Dust Bowl,Ethel Cain,"Willoughby Tucker, I'll Always Love You",1768426425,2026-01-14 21:33:45,https://www.last.fm/music/Ethel+Cain/_/Dust+Bowl
Eldest Daughter,Taylor Swift,The Life of a Showgirl,1768426935,2026-01-14 21:42:15,https://www.last.fm/music/Taylor+Swift/_/Eldest+Daughter
Whatcha Doing,Dua Lipa,Radical Optimism,1768427172,2026-01-14 21:46:12,https://www.last.fm/music/Dua+Lipa/_/Whatcha+Doing
endless,Oklou,choke enough,1768427361,2026-01-14 21:49:21,https://www.last.fm/music/Oklou/_/endless
want to wanna come back,Oklou,choke enough,1768427569,2026-01-14 21:52:49,https://www.last.fm/music/Oklou/_/want+to+wanna+come+back
baby pink (feat. Eem Triplin),Camila Cabello,"C,XOXO (Magic City Edition)",1768427726,2026-01-14 21:55:26,https://www.last.fm/music/Camila+Cabello/_/baby+pink+(feat.+Eem+Triplin)
GODSPEED,Camila Cabello,"C,XOXO (Magic City Edition)",1768427967,2026-01-14 21:59:27,https://www.last.fm/music/Camila+Cabello/_/GODSPEED
Father Figure,Taylor Swift,The Life of a Showgirl,1768428231,2026-01-14 22:03:51,https://www.last.fm/music/Taylor+Swift/_/Father+Figure
Elizabeth Taylor,Taylor Swift,The Life of a Showgirl,1768428441,2026-01-14 22:07:21,https://www.last.fm/music/Taylor+Swift/_/Elizabeth+Taylor
Wi$h Li$t,Taylor Swift,The Life of a Showgirl,1768428641,2026-01-14 22:10:41,https://www.last.fm/music/Taylor+Swift/_/Wi$h+Li$t
CHANEL,Tyla,CHANEL,1768428839,2026-01-14 22:13:59,https://www.last.fm/music/Tyla/_/CHANEL
Ease My Mind,Chris Lake,Chemistry,1768429019,2026-01-14 22:16:59,https://www.last.fm/music/Chris+Lake/_/Ease+My+Mind
NUEVAYoL,Bad Bunny,DeBÍ TiRAR MáS FOToS,1768429202,2026-01-14 22:20:02,https://www.last.fm/music/Bad+Bunny/_/NUEVAYoL
VOY A LLeVARTE PA PR,Bad Bunny,DeBÍ TiRAR MáS FOToS,1768429386,2026-01-14 22:23:06,https://www.last.fm/music/Bad+Bunny/_/VOY+A+LLeVARTE+PA+PR
EoO,Bad Bunny,DeBÍ TiRAR MáS FOToS,1768429534,2026-01-14 22:25:34,https://www.last.fm/music/Bad+Bunny/_/EoO
Obsolete,Tame Impala,Deadbeat,1768429730,2026-01-14 22:28:50,https://www.last.fm/music/Tame+Impala/_/Obsolete
Piece Of Heaven,Tame Impala,Deadbeat,1768429985,2026-01-14 22:33:05,https://www.last.fm/music/Tame+Impala/_/Piece+Of+Heaven
Girl Like Me + Oklou,PinkPantheress,Fancy Some More?,1768430261,2026-01-14 22:37:41,https://www.last.fm/music/PinkPantheress/_/Girl+Like+Me+%252B+Oklou
Nice to Know You,PinkPantheress,Fancy That,1768430415,2026-01-14 22:40:15,https://www.last.fm/music/PinkPantheress/_/Nice+to+Know+You
bittersweet,Madison Beer,Bittersweet,1768430576,2026-01-14 22:42:56,https://www.last.fm/music/Madison+Beer/_/bittersweet
Back to You,Not For Radio,Melt,1768430771,2026-01-14 22:46:11,https://www.last.fm/music/Not+For+Radio/_/Back+to+You
Ruin the Friendship,Taylor Swift,The Life of a Showgirl,1768431038,2026-01-14 22:50:38,https://www.last.fm/music/Taylor+Swift/_/Ruin+the+Friendship
I Don't Know You,The Marías,"Superclean, Vol. I",1768431259,2026-01-14 22:54:19,https://www.last.fm/music/The+Mar%C3%ADas/_/I+Don%27t+Know+You
All We Need,ODESZA,In Return,1768431460,2026-01-14 22:57:40,https://www.last.fm/music/ODESZA/_/All+We+Need
How Did I Get Here,ODESZA,Summer's Gone,1768431674,2026-01-14 23:01:14,https://www.last.fm/music/ODESZA/_/How+Did+I+Get+Here
Sugar Talking,Sabrina Carpenter,Man’s Best Friend,1768431968,2026-01-14 23:06:08,https://www.last.fm/music/Sabrina+Carpenter/_/Sugar+Talking
Chastain,Del Water Gap,Chastain,1768432144,2026-01-14 23:09:04,https://www.last.fm/music/Del+Water+Gap/_/Chastain
Fresh Out the Slammer,Taylor Swift,THE TORTURED POETS DEPARTMENT,1768435263,2026-01-15 00:01:03,https://www.last.fm/music/Taylor+Swift/_/Fresh+Out+the+Slammer
PINS AND NEEDLES,Nessa Barrett,AFTERCARE,1768435271,2026-01-15 00:01:11,https://www.last.fm/music/Nessa+Barrett/_/PINS+AND+NEEDLES
pretty isn’t pretty,Olivia Rodrigo,GUTS,1768435469,2026-01-15 00:04:29,https://www.last.fm/music/Olivia+Rodrigo/_/pretty+isn%E2%80%99t+pretty
BITTERSUITE,Billie Eilish,HIT ME HARD AND SOFT,1768441802,2026-01-15 01:50:02,https://www.last.fm/music/Billie+Eilish/_/BITTERSUITE
False God,Taylor Swift,Lover,1768442060,2026-01-15 01:54:20,https://www.last.fm/music/Taylor+Swift/_/False+God
L’AMOUR DE MA VIE [OVER NOW EXTENDED EDIT],Billie Eilish,L’AMOUR DE MA VIE [OVER NOW EXTENDED EDIT],1768446857,2026-01-15 03:14:17,https://www.last.fm/music/Billie+Eilish/_/L%E2%80%99AMOUR+DE+MA+VIE+%5BOVER+NOW+EXTENDED+EDIT%5D
3,Britney Spears,The Essential Britney Spears,1768447119,2026-01-15 03:18:39,https://www.last.fm/music/Britney+Spears/_/3
3,Britney Spears,The Essential Britney Spears,1768447563,2026-01-15 03:26:03,https://www.last.fm/music/Britney+Spears/_/3
CHANEL,Tyla,CHANEL,1768496197,2026-01-15 16:56:37,https://www.last.fm/music/Tyla/_/CHANEL
up at night (feat. Justin Bieber),Kehlani,blue water road,1768496373,2026-01-15 16:59:33,https://www.last.fm/music/Kehlani/_/up+at+night+(feat.+Justin+Bieber)
BREAKFAST IN BED,Nessa Barrett,AFTERCARE DELUXE,1768498808,2026-01-15 17:40:08,https://www.last.fm/music/Nessa+Barrett/_/BREAKFAST+IN+BED
pretty isn’t pretty,Olivia Rodrigo,GUTS,1768498816,2026-01-15 17:40:16,https://www.last.fm/music/Olivia+Rodrigo/_/pretty+isn%E2%80%99t+pretty
get me started (feat. syd),Kehlani,blue water road,1768498866,2026-01-15 17:41:06,https://www.last.fm/music/Kehlani/_/get+me+started+(feat.+syd)
Bad Reviews,Sabrina Carpenter,Short n' Sweet (Deluxe),1768499085,2026-01-15 17:44:45,https://www.last.fm/music/Sabrina+Carpenter/_/Bad+Reviews
Couldn’t Make It Any Harder,Sabrina Carpenter,Short n' Sweet (Deluxe),1768499217,2026-01-15 17:46:57,https://www.last.fm/music/Sabrina+Carpenter/_/Couldn%E2%80%99t+Make+It+Any+Harder
Don’t Smile,Sabrina Carpenter,Short n' Sweet (Deluxe),1768499417,2026-01-15 17:50:17,https://www.last.fm/music/Sabrina+Carpenter/_/Don%E2%80%99t+Smile
Means I care,Tate McRae,So Close to What,1768499654,2026-01-15 17:54:14,https://www.last.fm/music/Tate+McRae/_/Means+I+care
MachineGirl,ADÉLA,MachineGirl (Dorian Electra & FREE JIMI Remix),1768499834,2026-01-15 17:57:14,https://www.last.fm/music/AD%C3%89LA/_/MachineGirl
No Better,Lorde,No Better,1768499980,2026-01-15 17:59:40,https://www.last.fm/music/Lorde/_/No+Better
intro (end of the world) - extended,Ariana Grande,eternal sunshine deluxe: brighter days ahead (instrumental version),1768500143,2026-01-15 18:02:23,https://www.last.fm/music/Ariana+Grande/_/intro+(end+of+the+world)+-+extended
American Teenager,Ethel Cain,Preacher’s Daughter,1768500295,2026-01-15 18:04:55,https://www.last.fm/music/Ethel+Cain/_/American+Teenager
opposite,Sabrina Carpenter,emails i can’t send fwd:,1768500545,2026-01-15 18:09:05,https://www.last.fm/music/Sabrina+Carpenter/_/opposite
past life,Ariana Grande,eternal sunshine deluxe: brighter days ahead (a cappella version),1768501020,2026-01-15 18:17:00,https://www.last.fm/music/Ariana+Grande/_/past+life
spring into summer,Lizzy McAlpine,Older (and Wiser),1768501258,2026-01-15 18:20:58,https://www.last.fm/music/Lizzy+McAlpine/_/spring+into+summer
Favourite Daughter,Lorde,Virgin,1768501520,2026-01-15 18:25:20,https://www.last.fm/music/Lorde/_/Favourite+Daughter
Hampstead,Ariana Grande,eternal sunshine deluxe: brighter days ahead (instrumental version),1768501719,2026-01-15 18:28:39,https://www.last.fm/music/Ariana+Grande/_/Hampstead
Tornado Warnings,Sabrina Carpenter,emails i can't send,1768501930,2026-01-15 18:32:10,https://www.last.fm/music/Sabrina+Carpenter/_/Tornado+Warnings
Get Free,Lana Del Rey,Lust for Life,1768502124,2026-01-15 18:35:24,https://www.last.fm/music/Lana+Del+Rey/_/Get+Free
Everything Is Embarrassing,Sky Ferreira,Ghost,1768502450,2026-01-15 18:40:50,https://www.last.fm/music/Sky+Ferreira/_/Everything+Is+Embarrassing
PINS AND NEEDLES,Nessa Barrett,AFTERCARE,1768502704,2026-01-15 18:45:04,https://www.last.fm/music/Nessa+Barrett/_/PINS+AND+NEEDLES
On This Love,Suki Waterhouse,Memoir of a Sparklemuffin (Deluxe),1768503043,2026-01-15 18:50:43,https://www.last.fm/music/Suki+Waterhouse/_/On+This+Love
Sue me,Audrey Hobert,Who's the Clown?,1768503211,2026-01-15 18:53:31,https://www.last.fm/music/Audrey+Hobert/_/Sue+me
No I'm not in love,Tate McRae,So Close to What,1768503372,2026-01-15 18:56:12,https://www.last.fm/music/Tate+McRae/_/No+I%27m+not+in+love
Been Like This,Doja Cat,Planet Her,1768503588,2026-01-15 18:59:48,https://www.last.fm/music/Doja+Cat/_/Been+Like+This
Acts of Service,Doja Cat,Vie,1768503756,2026-01-15 19:02:36,https://www.last.fm/music/Doja+Cat/_/Acts+of+Service
Stranger,Doja Cat,Vie,1768503959,2026-01-15 19:05:59,https://www.last.fm/music/Doja+Cat/_/Stranger
Gorgeous,Doja Cat,Vie,1768504152,2026-01-15 19:09:12,https://www.last.fm/music/Doja+Cat/_/Gorgeous
Thinking Bout You,Ariana Grande,Dangerous Woman,1768504409,2026-01-15 19:13:29,https://www.last.fm/music/Ariana+Grande/_/Thinking+Bout+You
Chains of Love,Charli xcx,Chains of Love,1768504601,2026-01-15 19:16:41,https://www.last.fm/music/Charli+xcx/_/Chains+of+Love
Nothing On (But The Radio),Addison Rae,AR,1768504797,2026-01-15 19:19:57,https://www.last.fm/music/Addison+Rae/_/Nothing+On+(But+The+Radio)
"girl, get up. (Feat. SZA)",Doechii,"girl, get up. (feat. SZA)",1768504937,2026-01-15 19:22:17,"https://www.last.fm/music/Doechii/_/girl,+get+up.+(Feat.+SZA)"
Chateau,Audrey Hobert,Who's the Clown?,1768505118,2026-01-15 19:25:18,https://www.last.fm/music/Audrey+Hobert/_/Chateau
Basic Being Basic,Djo,The Crux,1768505307,2026-01-15 19:28:27,https://www.last.fm/music/Djo/_/Basic+Being+Basic
Whatcha Doing,Dua Lipa,Radical Optimism,1768505457,2026-01-15 19:30:57,https://www.last.fm/music/Dua+Lipa/_/Whatcha+Doing
Purple lace bra,Tate McRae,So Close to What,1768505646,2026-01-15 19:34:06,https://www.last.fm/music/Tate+McRae/_/Purple+lace+bra
Chateau (Feel Alright),Djo,Twenty Twenty,1768505833,2026-01-15 19:37:13,https://www.last.fm/music/Djo/_/Chateau+(Feel+Alright)
Talk to Me,Robyn,Sexistential / Talk To Me,1768506096,2026-01-15 19:41:36,https://www.last.fm/music/Robyn/_/Talk+to+Me
What I Like,Charli xcx,True Romance,1768506287,2026-01-15 19:44:47,https://www.last.fm/music/Charli+xcx/_/What+I+Like
List of People (to Try and Forget About),Tame Impala,Currents B-Sides & Remixes,1768506460,2026-01-15 19:47:40,https://www.last.fm/music/Tame+Impala/_/List+of+People+(to+Try+and+Forget+About)
Nuclear Seasons,Charli xcx,True Romance,1768506731,2026-01-15 19:52:11,https://www.last.fm/music/Charli+xcx/_/Nuclear+Seasons
Grins,Charli xcx,True Romance,1768507004,2026-01-15 19:56:44,https://www.last.fm/music/Charli+xcx/_/Grins
Crush,Ethel Cain,Inbred,1768509567,2026-01-15 20:39:27,https://www.last.fm/music/Ethel+Cain/_/Crush
Grins,Charli xcx,True Romance,1768509577,2026-01-15 20:39:37,https://www.last.fm/music/Charli+xcx/_/Grins
The Fate of Ophelia,Taylor Swift,The Life of a Showgirl,1768510006,2026-01-15 20:46:46,https://www.last.fm/music/Taylor+Swift/_/The+Fate+of+Ophelia
Opalite,Taylor Swift,The Life of a Showgirl,1768510222,2026-01-15 20:50:22,https://www.last.fm/music/Taylor+Swift/_/Opalite
Ruin the Friendship,Taylor Swift,The Life of a Showgirl,1768510449,2026-01-15 20:54:09,https://www.last.fm/music/Taylor+Swift/_/Ruin+the+Friendship
Wi$h Li$t,Taylor Swift,The Life of a Showgirl,1768510661,2026-01-15 20:57:41,https://www.last.fm/music/Taylor+Swift/_/Wi$h+Li$t
Honey,Taylor Swift,The Life of a Showgirl,1768510860,2026-01-15 21:01:00,https://www.last.fm/music/Taylor+Swift/_/Honey
My Boy Only Breaks His Favorite Toys,Taylor Swift,THE TORTURED POETS DEPARTMENT: THE ANTHOLOGY,1768511033,2026-01-15 21:03:53,https://www.last.fm/music/Taylor+Swift/_/My+Boy+Only+Breaks+His+Favorite+Toys
The Alchemy,Taylor Swift,THE TORTURED POETS DEPARTMENT: THE ANTHOLOGY,1768511238,2026-01-15 21:07:18,https://www.last.fm/music/Taylor+Swift/_/The+Alchemy
Afterglow,Taylor Swift,Lover,1768511426,2026-01-15 21:10:26,https://www.last.fm/music/Taylor+Swift/_/Afterglow
All of the Girls You Loved Before,Taylor Swift,All of the Girls You Loved Before,1768511641,2026-01-15 21:14:01,https://www.last.fm/music/Taylor+Swift/_/All+of+the+Girls+You+Loved+Before
Dear Reader,Taylor Swift,Midnights (3am Edition),1768511842,2026-01-15 21:17:22,https://www.last.fm/music/Taylor+Swift/_/Dear+Reader
Elizabeth Taylor,Taylor Swift,The Life of a Showgirl,1768512058,2026-01-15 21:20:58,https://www.last.fm/music/Taylor+Swift/_/Elizabeth+Taylor
Opalite,Taylor Swift,The Life of a Showgirl,1768512267,2026-01-15 21:24:27,https://www.last.fm/music/Taylor+Swift/_/Opalite
KLOuFRENS,Bad Bunny,DeBÍ TiRAR MáS FOToS,1768512501,2026-01-15 21:28:21,https://www.last.fm/music/Bad+Bunny/_/KLOuFRENS
EoO,Bad Bunny,DeBÍ TiRAR MáS FOToS,1768512690,2026-01-15 21:31:30,https://www.last.fm/music/Bad+Bunny/_/EoO
go away,Tate McRae,i used to think i could fly,1768512887,2026-01-15 21:34:47,https://www.last.fm/music/Tate+McRae/_/go+away
Swingin Party,Lorde,Tennis Court,1768513092,2026-01-15 21:38:12,https://www.last.fm/music/Lorde/_/Swingin+Party
Planet,The Neighbourhood,(((((ultraSOUND))))),1768513305,2026-01-15 21:41:45,https://www.last.fm/music/The+Neighbourhood/_/Planet
Jealous Type,Doja Cat,Vie,1768514193,2026-01-15 21:56:33,https://www.last.fm/music/Doja+Cat/_/Jealous+Type
Such A Funny Way,Sabrina Carpenter,Man’s Best Friend (Bonus Track Version),1768514347,2026-01-15 21:59:07,https://www.last.fm/music/Sabrina+Carpenter/_/Such+A+Funny+Way
Parachute,Hayley Williams,Ego Death At A Bachelorette Party,1768514571,2026-01-15 22:02:51,https://www.last.fm/music/Hayley+Williams/_/Parachute
Shooting star,Audrey Hobert,Who's the Clown?,1768514782,2026-01-15 22:06:22,https://www.last.fm/music/Audrey+Hobert/_/Shooting+star
up at night (feat. Justin Bieber),Kehlani,blue water road,1768514952,2026-01-15 22:09:12,https://www.last.fm/music/Kehlani/_/up+at+night+(feat.+Justin+Bieber)
everything,Kehlani,blue water road,1768515125,2026-01-15 22:12:05,https://www.last.fm/music/Kehlani/_/everything
melt,Kehlani,blue water road,1768515324,2026-01-15 22:15:24,https://www.last.fm/music/Kehlani/_/melt
Ease My Mind,Chris Lake,Chemistry,1768515541,2026-01-15 22:19:01,https://www.last.fm/music/Chris+Lake/_/Ease+My+Mind
Dopamine,Robyn,Dopamine,1768515728,2026-01-15 22:22:08,https://www.last.fm/music/Robyn/_/Dopamine
Cinnamon,The Neighbourhood,Wiped Out! (10th Anniversary Edition),1768515934,2026-01-15 22:25:34,https://www.last.fm/music/The+Neighbourhood/_/Cinnamon
All the Time,Zara Larsson,All The Time,1768516132,2026-01-15 22:28:52,https://www.last.fm/music/Zara+Larsson/_/All+the+Time
Outbound,After,After EP 2,1768516352,2026-01-15 22:32:32,https://www.last.fm/music/After/_/Outbound
Alrighty Aphrodite,Peach Pit,Being so Normal,1768516570,2026-01-15 22:36:10,https://www.last.fm/music/Peach+Pit/_/Alrighty+Aphrodite
"The Field (feat. The Durutti Column, Tariq Al-Sabir, Caroline Polachek & Daniel Caesar)",Blood Orange,Essex Honey,1768516769,2026-01-15 22:39:29,"https://www.last.fm/music/Blood+Orange/_/The+Field+(feat.+The+Durutti+Column,+Tariq+Al-Sabir,+Caroline+Polachek+&+Daniel+Caesar)"
VOY A LLeVARTE PA PR,Bad Bunny,DeBÍ TiRAR MáS FOToS,1768516960,2026-01-15 22:42:40,https://www.last.fm/music/Bad+Bunny/_/VOY+A+LLeVARTE+PA+PR
Take You Down,SZA,SOS Deluxe: LANA,1768517108,2026-01-15 22:45:08,https://www.last.fm/music/SZA/_/Take+You+Down
End of the World,Miley Cyrus,End of the World,1768517259,2026-01-15 22:47:39,https://www.last.fm/music/Miley+Cyrus/_/End+of+the+World
Tears (feat. Caroline Polachek),Charli xcx,Pop 2,1768517535,2026-01-15 22:52:15,https://www.last.fm/music/Charli+xcx/_/Tears+(feat.+Caroline+Polachek)
Unlock it (Lock It) - feat. Kim Petras and Jay Park,Charli xcx,Pop 2,1768517780,2026-01-15 22:56:20,https://www.last.fm/music/Charli+xcx/_/Unlock+it+(Lock+It)+-+feat.+Kim+Petras+and+Jay+Park
Now or Never,Halsey,hopeless fountain kingdom (Deluxe Plus),1768518035,2026-01-15 23:00:35,https://www.last.fm/music/Halsey/_/Now+or+Never
Bad at Love,Halsey,hopeless fountain kingdom (Deluxe Plus),1768518253,2026-01-15 23:04:13,https://www.last.fm/music/Halsey/_/Bad+at+Love
Dinner with Friends,Kacey Musgraves,Deeper Well,1768518425,2026-01-15 23:07:05,https://www.last.fm/music/Kacey+Musgraves/_/Dinner+with+Friends
Giver / Taker,Kacey Musgraves,Deeper Well,1768518594,2026-01-15 23:09:54,https://www.last.fm/music/Kacey+Musgraves/_/Giver+%2F+Taker
Too Good to Be True,Kacey Musgraves,Deeper Well,1768518777,2026-01-15 23:12:57,https://www.last.fm/music/Kacey+Musgraves/_/Too+Good+to+Be+True
Jade Green,Kacey Musgraves,Deeper Well,1768518928,2026-01-15 23:15:28,https://www.last.fm/music/Kacey+Musgraves/_/Jade+Green
Ruthless,Kacey Musgraves,Deeper Well: Deeper into the Well,1768519098,2026-01-15 23:18:18,https://www.last.fm/music/Kacey+Musgraves/_/Ruthless
the lakes - original version,Taylor Swift,the lakes (original version),1768519296,2026-01-15 23:21:36,https://www.last.fm/music/Taylor+Swift/_/the+lakes+-+original+version
"Paris, Texas (feat. SYML)",Lana Del Rey,Did you know that there's a tunnel under Ocean Blvd,1768519514,2026-01-15 23:25:14,"https://www.last.fm/music/Lana+Del+Rey/_/Paris,+Texas+(feat.+SYML)"
Joshua Tree,Demi Lovato,It’s Not That Deep (Little Bit Extra Version),1768519713,2026-01-15 23:28:33,https://www.last.fm/music/Demi+Lovato/_/Joshua+Tree
3 Strikes,Terror Jr,Bop City,1768520062,2026-01-15 23:34:22,https://www.last.fm/music/Terror+Jr/_/3+Strikes
Buzzcut Season,Lorde,Pure Heroine,1768520280,2026-01-15 23:38:00,https://www.last.fm/music/Lorde/_/Buzzcut+Season
ghostin,Ariana Grande,"thank u, next",1768520518,2026-01-15 23:41:58,https://www.last.fm/music/Ariana+Grande/_/ghostin
Consideration,Rihanna,ANTI (Deluxe),1768520781,2026-01-15 23:46:21,https://www.last.fm/music/Rihanna/_/Consideration
Bags,Clairo,Immunity,1768522782,2026-01-16 00:19:42,https://www.last.fm/music/Clairo/_/Bags
Stateside + Zara Larsson,PinkPantheress,Fancy Some More?,1768522953,2026-01-16 00:22:33,https://www.last.fm/music/PinkPantheress/_/Stateside+%252B+Zara+Larsson
300 dreams,After,300 dreams,1768523129,2026-01-16 00:25:29,https://www.last.fm/music/After/_/300+dreams
ANYTHING BUT LOVE,Tate McRae,SO CLOSE TO WHAT??? (deluxe),1768523309,2026-01-16 00:28:29,https://www.last.fm/music/Tate+McRae/_/ANYTHING+BUT+LOVE
Dance to This (feat. Ariana Grande),Troye Sivan,Bloom,1768528118,2026-01-16 01:48:38,https://www.last.fm/music/Troye+Sivan/_/Dance+to+This+(feat.+Ariana+Grande)
Sometimes,Ariana Grande,Dangerous Woman,1768528341,2026-01-16 01:52:21,https://www.last.fm/music/Ariana+Grande/_/Sometimes
Prom,SZA,Ctrl,1768540066,2026-01-16 05:07:46,https://www.last.fm/music/SZA/_/Prom
A World Alone,Lorde,Pure Heroine,1768540298,2026-01-16 05:11:38,https://www.last.fm/music/Lorde/_/A+World+Alone
Style,Taylor Swift,1989,1768540582,2026-01-16 05:16:22,https://www.last.fm/music/Taylor+Swift/_/Style
Lucky,Britney Spears,Oops!... I Did It Again,1768540840,2026-01-16 05:20:40,https://www.last.fm/music/Britney+Spears/_/Lucky
So Good (feat. Ty Dolla $ign),Zara Larsson,So Good,1768541065,2026-01-16 05:24:25,https://www.last.fm/music/Zara+Larsson/_/So+Good+(feat.+Ty+Dolla+$ign)
KLOuFRENS,Bad Bunny,DeBÍ TiRAR MáS FOToS,1768541297,2026-01-16 05:28:17,https://www.last.fm/music/Bad+Bunny/_/KLOuFRENS
locket theme,Madison Beer,locket,1768546455,2026-01-16 06:54:15,https://www.last.fm/music/Madison+Beer/_/locket+theme
Aquamarine,Addison Rae,Addison,1768546458,2026-01-16 06:54:18,https://www.last.fm/music/Addison+Rae/_/Aquamarine
locket theme,Madison Beer,locket,1768546565,2026-01-16 06:56:05,https://www.last.fm/music/Madison+Beer/_/locket+theme
angel wings,Madison Beer,locket,1768546658,2026-01-16 06:57:38,https://www.last.fm/music/Madison+Beer/_/angel+wings
for the night,Madison Beer,locket,1768546902,2026-01-16 07:01:42,https://www.last.fm/music/Madison+Beer/_/for+the+night
bad enough,Madison Beer,locket,1768547091,2026-01-16 07:04:51,https://www.last.fm/music/Madison+Beer/_/bad+enough
healthy habit,Madison Beer,locket,1768547313,2026-01-16 07:08:33,https://www.last.fm/music/Madison+Beer/_/healthy+habit
you're still everything,Madison Beer,locket,1768547430,2026-01-16 07:10:30,https://www.last.fm/music/Madison+Beer/_/you%27re+still+everything
complexity,Madison Beer,locket,1768547644,2026-01-16 07:14:04,https://www.last.fm/music/Madison+Beer/_/complexity
nothing at all,Madison Beer,locket,1768547806,2026-01-16 07:16:46,https://www.last.fm/music/Madison+Beer/_/nothing+at+all
bad enough,Madison Beer,locket,1768547992,2026-01-16 07:19:52,https://www.last.fm/music/Madison+Beer/_/bad+enough
bad enough,Madison Beer,locket,1768548246,2026-01-16 07:24:06,https://www.last.fm/music/Madison+Beer/_/bad+enough
Wall of Sound,Charli xcx,Wall of Sound,1768548469,2026-01-16 07:27:49,https://www.last.fm/music/Charli+xcx/_/Wall+of+Sound
complexity,Madison Beer,locket,1768548614,2026-01-16 07:30:14,https://www.last.fm/music/Madison+Beer/_/complexity
healthy habit,Madison Beer,locket,1768548771,2026-01-16 07:32:51,https://www.last.fm/music/Madison+Beer/_/healthy+habit
Open Season,High Highs,Open Season,1768548911,2026-01-16 07:35:11,https://www.last.fm/music/High+Highs/_/Open+Season
go away,Tate McRae,i used to think i could fly,1768549143,2026-01-16 07:39:03,https://www.last.fm/music/Tate+McRae/_/go+away
Muévelo,Kali Uchis,Muévelo,1768549366,2026-01-16 07:42:46,https://www.last.fm/music/Kali+Uchis/_/Mu%C3%A9velo
Joshua Tree,Demi Lovato,It’s Not That Deep (Little Bit Extra Version),1768549430,2026-01-16 07:43:50,https://www.last.fm/music/Demi+Lovato/_/Joshua+Tree
Frequency,Demi Lovato,It’s Not That Deep (Little Bit Extra Version),1768549638,2026-01-16 07:47:18,https://www.last.fm/music/Demi+Lovato/_/Frequency
Here All Night,Demi Lovato,It’s Not That Deep (Little Bit Extra Version),1768549802,2026-01-16 07:50:02,https://www.last.fm/music/Demi+Lovato/_/Here+All+Night
Say It,Demi Lovato,It’s Not That Deep (Little Bit Extra Version),1768549979,2026-01-16 07:52:59,https://www.last.fm/music/Demi+Lovato/_/Say+It
Sorry To Myself,Demi Lovato,It’s Not That Deep (Little Bit Extra Version),1768550129,2026-01-16 07:55:29,https://www.last.fm/music/Demi+Lovato/_/Sorry+To+Myself
In My Head,Demi Lovato,It’s Not That Deep (Little Bit Extra Version),1768550336,2026-01-16 07:58:56,https://www.last.fm/music/Demi+Lovato/_/In+My+Head
"girl, get up. (Feat. SZA)",Doechii,"girl, get up. (feat. SZA)",1768589027,2026-01-16 18:43:47,"https://www.last.fm/music/Doechii/_/girl,+get+up.+(Feat.+SZA)"
List of People (to Try and Forget About),Tame Impala,Currents B-Sides & Remixes,1768589216,2026-01-16 18:46:56,https://www.last.fm/music/Tame+Impala/_/List+of+People+(to+Try+and+Forget+About)
Stateside + Zara Larsson,PinkPantheress,Fancy Some More?,1768595471,2026-01-16 20:31:11,https://www.last.fm/music/PinkPantheress/_/Stateside+%252B+Zara+Larsson
complexity,Madison Beer,locket,1768595540,2026-01-16 20:32:20,https://www.last.fm/music/Madison+Beer/_/complexity
healthy habit,Madison Beer,locket,1768595688,2026-01-16 20:34:48,https://www.last.fm/music/Madison+Beer/_/healthy+habit
bad enough,Madison Beer,locket,1768595796,2026-01-16 20:36:36,https://www.last.fm/music/Madison+Beer/_/bad+enough
angel wings,Madison Beer,locket,1768596010,2026-01-16 20:40:10,https://www.last.fm/music/Madison+Beer/_/angel+wings
CHANEL,Tyla,CHANEL,1768596214,2026-01-16 20:43:34,https://www.last.fm/music/Tyla/_/CHANEL
List of People (to Try and Forget About),Tame Impala,Currents B-Sides & Remixes,1768597546,2026-01-16 21:05:46,https://www.last.fm/music/Tame+Impala/_/List+of+People+(to+Try+and+Forget+About)
Wall of Sound,Charli xcx,Wall of Sound,1768597595,2026-01-16 21:06:35,https://www.last.fm/music/Charli+xcx/_/Wall+of+Sound
Joshua Tree,Demi Lovato,It’s Not That Deep (Little Bit Extra Version),1768597731,2026-01-16 21:08:51,https://www.last.fm/music/Demi+Lovato/_/Joshua+Tree
Frequency,Demi Lovato,It’s Not That Deep (Little Bit Extra Version),1768597925,2026-01-16 21:12:05,https://www.last.fm/music/Demi+Lovato/_/Frequency
What I Like,Charli xcx,True Romance,1768598080,2026-01-16 21:14:40,https://www.last.fm/music/Charli+xcx/_/What+I+Like
Mosquito,PinkPantheress,Heaven knows,1768598253,2026-01-16 21:17:33,https://www.last.fm/music/PinkPantheress/_/Mosquito
3,Britney Spears,The Essential Britney Spears,1768598437,2026-01-16 21:20:37,https://www.last.fm/music/Britney+Spears/_/3
EoO,Bad Bunny,DeBÍ TiRAR MáS FOToS,1768598632,2026-01-16 21:23:52,https://www.last.fm/music/Bad+Bunny/_/EoO
Talk to Me,Robyn,Sexistential / Talk To Me,1768598829,2026-01-16 21:27:09,https://www.last.fm/music/Robyn/_/Talk+to+Me
complexity,Madison Beer,locket,1768599020,2026-01-16 21:30:20,https://www.last.fm/music/Madison+Beer/_/complexity
up at night (feat. Justin Bieber),Kehlani,blue water road,1768599168,2026-01-16 21:32:48,https://www.last.fm/music/Kehlani/_/up+at+night+(feat.+Justin+Bieber)
Stateside + Zara Larsson,PinkPantheress,Fancy Some More?,1768599365,2026-01-16 21:36:05,https://www.last.fm/music/PinkPantheress/_/Stateside+%252B+Zara+Larsson
Stateside + Zara Larsson,PinkPantheress,Fancy Some More?,1768599501,2026-01-16 21:38:21,https://www.last.fm/music/PinkPantheress/_/Stateside+%252B+Zara+Larsson
Stateside + Zara Larsson,PinkPantheress,Fancy Some More?,1768599638,2026-01-16 21:40:38,https://www.last.fm/music/PinkPantheress/_/Stateside+%252B+Zara+Larsson
Stateside + Zara Larsson,PinkPantheress,Fancy Some More?,1768599738,2026-01-16 21:42:18,https://www.last.fm/music/PinkPantheress/_/Stateside+%252B+Zara+Larsson
Jealous Type,Doja Cat,Vie,1768599938,2026-01-16 21:45:38,https://www.last.fm/music/Doja+Cat/_/Jealous+Type
CHANEL,Tyla,CHANEL,1768600093,2026-01-16 21:48:13,https://www.last.fm/music/Tyla/_/CHANEL
Ease My Mind,Chris Lake,Chemistry,1768600273,2026-01-16 21:51:13,https://www.last.fm/music/Chris+Lake/_/Ease+My+Mind
Folded,Kehlani,Folded,1768600456,2026-01-16 21:54:16,https://www.last.fm/music/Kehlani/_/Folded
Obsolete,Tame Impala,Deadbeat,1768600685,2026-01-16 21:58:05,https://www.last.fm/music/Tame+Impala/_/Obsolete
No Better,Lorde,No Better,1768600940,2026-01-16 22:02:20,https://www.last.fm/music/Lorde/_/No+Better
Tonight,PinkPantheress,Fancy That,1768601103,2026-01-16 22:05:03,https://www.last.fm/music/PinkPantheress/_/Tonight
Snap My Finger (feat. PinkPantheress),KAYTRANADA,Timeless,1768601280,2026-01-16 22:08:00,https://www.last.fm/music/KAYTRANADA/_/Snap+My+Finger+(feat.+PinkPantheress)
Julia,SZA,Z,1768601472,2026-01-16 22:11:12,https://www.last.fm/music/SZA/_/Julia
Snap My Finger (feat. PinkPantheress),KAYTRANADA,Timeless,1768610232,2026-01-17 00:37:12,https://www.last.fm/music/KAYTRANADA/_/Snap+My+Finger+(feat.+PinkPantheress)
Von dutch,Charli xcx,BRAT,1768610692,2026-01-17 00:44:52,https://www.last.fm/music/Charli+xcx/_/Von+dutch
What I Like,Charli xcx,True Romance,1768610855,2026-01-17 00:47:35,https://www.last.fm/music/Charli+xcx/_/What+I+Like
Girl Like Me + Oklou,PinkPantheress,Fancy Some More?,1768611028,2026-01-17 00:50:28,https://www.last.fm/music/PinkPantheress/_/Girl+Like+Me+%252B+Oklou
3,Britney Spears,The Essential Britney Spears,1768611182,2026-01-17 00:53:02,https://www.last.fm/music/Britney+Spears/_/3
ANYTHING BUT LOVE,Tate McRae,SO CLOSE TO WHAT??? (deluxe),1768611379,2026-01-17 00:56:19,https://www.last.fm/music/Tate+McRae/_/ANYTHING+BUT+LOVE
On My Mind,Ellie Goulding,Delirium (Deluxe),1768611538,2026-01-17 00:58:58,https://www.last.fm/music/Ellie+Goulding/_/On+My+Mind
Frequency,Demi Lovato,It’s Not That Deep (Little Bit Extra Version),1768611742,2026-01-17 01:02:22,https://www.last.fm/music/Demi+Lovato/_/Frequency
HORSESHOE,Tate McRae,SO CLOSE TO WHAT??? (deluxe),1768611920,2026-01-17 01:05:20,https://www.last.fm/music/Tate+McRae/_/HORSESHOE
Let me go OH OH,Tove Lo,HEAT,1768612164,2026-01-17 01:09:24,https://www.last.fm/music/Tove+Lo/_/Let+me+go+OH+OH
Girl's Girl,Zara Larsson,Midnight Sun,1768612427,2026-01-17 01:13:47,https://www.last.fm/music/Zara+Larsson/_/Girl%27s+Girl
New York,Addison Rae,Addison,1768612600,2026-01-17 01:16:40,https://www.last.fm/music/Addison+Rae/_/New+York
Through My System,it's murph,Through My System,1768612756,2026-01-17 01:19:16,https://www.last.fm/music/it%27s+murph/_/Through+My+System
Shiver,John Summit,Comfort In Chaos,1768612946,2026-01-17 01:22:26,https://www.last.fm/music/John+Summit/_/Shiver
I'm Not Alone - MPH Remix,Calvin Harris,I'm Not Alone (MPH Remix),1768613172,2026-01-17 01:26:12,https://www.last.fm/music/Calvin+Harris/_/I%27m+Not+Alone+-+MPH+Remix
GREENGREENGREEN,Chase Atlantic,Don't Try This,1768613377,2026-01-17 01:29:37,https://www.last.fm/music/Chase+Atlantic/_/GREENGREENGREEN
Into It,Chase Atlantic,Chase Atlantic,1768613559,2026-01-17 01:32:39,https://www.last.fm/music/Chase+Atlantic/_/Into+It
TOOTIMETOOTIMETOOTIME,The 1975,A Brief Inquiry Into Online Relationships,1768613733,2026-01-17 01:35:33,https://www.last.fm/music/The+1975/_/TOOTIMETOOTIMETOOTIME
Lucifer,A. G. Cook,Britpop,1768613931,2026-01-17 01:38:51,https://www.last.fm/music/A.+G.+Cook/_/Lucifer
bad idea,Ariana Grande,"thank u, next",1768614122,2026-01-17 01:42:02,https://www.last.fm/music/Ariana+Grande/_/bad+idea
Here All Night,Demi Lovato,It’s Not That Deep (Little Bit Extra Version),1768614381,2026-01-17 01:46:21,https://www.last.fm/music/Demi+Lovato/_/Here+All+Night
Wall of Sound,Charli xcx,Wall of Sound,1768614549,2026-01-17 01:49:09,https://www.last.fm/music/Charli+xcx/_/Wall+of+Sound
DANCE...,Slayyyter,DANCE...,1768615630,2026-01-17 02:07:10,https://www.last.fm/music/Slayyyter/_/DANCE...
nothing at all,Madison Beer,locket,1768615957,2026-01-17 02:12:37,https://www.last.fm/music/Madison+Beer/_/nothing+at+all
you're still everything,Madison Beer,locket,1768616136,2026-01-17 02:15:36,https://www.last.fm/music/Madison+Beer/_/you%27re+still+everything
complexity,Madison Beer,locket,1768681947,2026-01-17 20:32:27,https://www.last.fm/music/Madison+Beer/_/complexity
healthy habit,Madison Beer,locket,1768682105,2026-01-17 20:35:05,https://www.last.fm/music/Madison+Beer/_/healthy+habit
bad enough,Madison Beer,locket,1768683884,2026-01-17 21:04:44,https://www.last.fm/music/Madison+Beer/_/bad+enough
angel wings,Madison Beer,locket,1768686235,2026-01-17 21:43:55,https://www.last.fm/music/Madison+Beer/_/angel+wings
locket theme,Madison Beer,locket,1768686480,2026-01-17 21:48:00,https://www.last.fm/music/Madison+Beer/_/locket+theme
List of People (to Try and Forget About),Tame Impala,Currents B-Sides & Remixes,1768686950,2026-01-17 21:55:50,https://www.last.fm/music/Tame+Impala/_/List+of+People+(to+Try+and+Forget+About)
Stateside + Zara Larsson,PinkPantheress,Fancy Some More?,1768689287,2026-01-17 22:34:47,https://www.last.fm/music/PinkPantheress/_/Stateside+%252B+Zara+Larsson
Wall of Sound,Charli xcx,Wall of Sound,1768694092,2026-01-17 23:54:52,https://www.last.fm/music/Charli+xcx/_/Wall+of+Sound
bad enough,Madison Beer,locket,1768705959,2026-01-18 03:12:39,https://www.last.fm/music/Madison+Beer/_/bad+enough
bittersweet,Madison Beer,Bittersweet,1768707071,2026-01-18 03:31:11,https://www.last.fm/music/Madison+Beer/_/bittersweet
bad enough,Madison Beer,locket,1768707072,2026-01-18 03:31:12,https://www.last.fm/music/Madison+Beer/_/bad+enough
make you mine,Madison Beer,Make You Mine,1768707274,2026-01-18 03:34:34,https://www.last.fm/music/Madison+Beer/_/make+you+mine
yes baby,Madison Beer,yes baby,1768707497,2026-01-18 03:38:17,https://www.last.fm/music/Madison+Beer/_/yes+baby
complexity,Madison Beer,locket,1768707668,2026-01-18 03:41:08,https://www.last.fm/music/Madison+Beer/_/complexity
healthy habit,Madison Beer,locket,1768707832,2026-01-18 03:43:52,https://www.last.fm/music/Madison+Beer/_/healthy+habit
you're still everything,Madison Beer,locket,1768707948,2026-01-18 03:45:48,https://www.last.fm/music/Madison+Beer/_/you%27re+still+everything
Sweet Relief,Madison Beer,Silence Between Songs,1768708158,2026-01-18 03:49:18,https://www.last.fm/music/Madison+Beer/_/Sweet+Relief
Sour Times,Madison Beer,Life Support,1768708320,2026-01-18 03:52:00,https://www.last.fm/music/Madison+Beer/_/Sour+Times
Baby,Madison Beer,Life Support,1768708490,2026-01-18 03:54:50,https://www.last.fm/music/Madison+Beer/_/Baby
DANCE...,Slayyyter,DANCE...,1768712284,2026-01-18 04:58:04,https://www.last.fm/music/Slayyyter/_/DANCE...
In My Head,Demi Lovato,It’s Not That Deep (Little Bit Extra Version),1768712561,2026-01-18 05:02:41,https://www.last.fm/music/Demi+Lovato/_/In+My+Head
Sorry To Myself,Demi Lovato,It’s Not That Deep (Little Bit Extra Version),1768712727,2026-01-18 05:05:27,https://www.last.fm/music/Demi+Lovato/_/Sorry+To+Myself
Say It,Demi Lovato,It’s Not That Deep (Little Bit Extra Version),1768712924,2026-01-18 05:08:44,https://www.last.fm/music/Demi+Lovato/_/Say+It
nothing at all,Madison Beer,locket,1768713065,2026-01-18 05:11:05,https://www.last.fm/music/Madison+Beer/_/nothing+at+all
Daddy AF,Slayyyter,Slayyyter,1768716723,2026-01-18 06:12:03,https://www.last.fm/music/Slayyyter/_/Daddy+AF
DANCE...,Slayyyter,DANCE...,1768716826,2026-01-18 06:13:46,https://www.last.fm/music/Slayyyter/_/DANCE...
Wall of Sound,Charli xcx,Wall of Sound,1768717173,2026-01-18 06:19:33,https://www.last.fm/music/Charli+xcx/_/Wall+of+Sound
bad enough,Madison Beer,locket,1768717308,2026-01-18 06:21:48,https://www.last.fm/music/Madison+Beer/_/bad+enough
Back on You,Djo,The Crux Deluxe,1768767305,2026-01-18 20:15:05,https://www.last.fm/music/Djo/_/Back+on+You
Charlie's Garden,Djo,The Crux Deluxe,1768767619,2026-01-18 20:20:19,https://www.last.fm/music/Djo/_/Charlie%27s+Garden
Potion,Djo,The Crux Deluxe,1768768159,2026-01-18 20:29:19,https://www.last.fm/music/Djo/_/Potion
Lonesome Is a State of Mind,Djo,The Crux Deluxe,1768768318,2026-01-18 20:31:58,https://www.last.fm/music/Djo/_/Lonesome+Is+a+State+of+Mind
Stateside + Zara Larsson,PinkPantheress,Fancy Some More?,1768768660,2026-01-18 20:37:40,https://www.last.fm/music/PinkPantheress/_/Stateside+%252B+Zara+Larsson
Tonight,PinkPantheress,Fancy That,1768768835,2026-01-18 20:40:35,https://www.last.fm/music/PinkPantheress/_/Tonight
Joshua Tree,Demi Lovato,It’s Not That Deep (Little Bit Extra Version),1768769001,2026-01-18 20:43:21,https://www.last.fm/music/Demi+Lovato/_/Joshua+Tree
Talk to Me,Robyn,Sexistential / Talk To Me,1768769195,2026-01-18 20:46:35,https://www.last.fm/music/Robyn/_/Talk+to+Me
VOY A LLeVARTE PA PR,Bad Bunny,DeBÍ TiRAR MáS FOToS,1768769369,2026-01-18 20:49:29,https://www.last.fm/music/Bad+Bunny/_/VOY+A+LLeVARTE+PA+PR
up at night (feat. Justin Bieber),Kehlani,blue water road,1768770403,2026-01-18 21:06:43,https://www.last.fm/music/Kehlani/_/up+at+night+(feat.+Justin+Bieber)
Mosquito,PinkPantheress,Heaven knows,1768770577,2026-01-18 21:09:37,https://www.last.fm/music/PinkPantheress/_/Mosquito
Open Season,High Highs,Open Season,1768770714,2026-01-18 21:11:54,https://www.last.fm/music/High+Highs/_/Open+Season
KLOuFRENS,Bad Bunny,DeBÍ TiRAR MáS FOToS,1768770937,2026-01-18 21:15:37,https://www.last.fm/music/Bad+Bunny/_/KLOuFRENS
Wall of Sound,Charli xcx,Wall of Sound,1768771174,2026-01-18 21:19:34,https://www.last.fm/music/Charli+xcx/_/Wall+of+Sound
Chains of Love,Charli xcx,Chains of Love,1768771358,2026-01-18 21:22:38,https://www.last.fm/music/Charli+xcx/_/Chains+of+Love
bad enough,Madison Beer,locket,1768771529,2026-01-18 21:25:29,https://www.last.fm/music/Madison+Beer/_/bad+enough
healthy habit,Madison Beer,locket,1768771751,2026-01-18 21:29:11,https://www.last.fm/music/Madison+Beer/_/healthy+habit
you're still everything,Madison Beer,locket,1768771916,2026-01-18 21:31:56,https://www.last.fm/music/Madison+Beer/_/you%27re+still+everything
complexity,Madison Beer,locket,1768772127,2026-01-18 21:35:27,https://www.last.fm/music/Madison+Beer/_/complexity
nothing at all,Madison Beer,locket,1768772284,2026-01-18 21:38:04,https://www.last.fm/music/Madison+Beer/_/nothing+at+all
angel wings,Madison Beer,locket,1768772473,2026-01-18 21:41:13,https://www.last.fm/music/Madison+Beer/_/angel+wings
CHANEL,Tyla,CHANEL,1768772718,2026-01-18 21:45:18,https://www.last.fm/music/Tyla/_/CHANEL
Sour Times,Madison Beer,Life Support,1768772906,2026-01-18 21:48:26,https://www.last.fm/music/Madison+Beer/_/Sour+Times
DANCE...,Slayyyter,DANCE...,1768773072,2026-01-18 21:51:12,https://www.last.fm/music/Slayyyter/_/DANCE...
Basic Being Basic,Djo,The Crux,1768773359,2026-01-18 21:55:59,https://www.last.fm/music/Djo/_/Basic+Being+Basic
A Change of Heart,The 1975,"I like it when you sleep, for you are so beautiful yet so unaware of it",1768773646,2026-01-18 22:00:46,https://www.last.fm/music/The+1975/_/A+Change+of+Heart
come closer,sombr,I Barely Know Her,1768773930,2026-01-18 22:05:30,https://www.last.fm/music/sombr/_/come+closer
Cinnamon,The Neighbourhood,Wiped Out! (10th Anniversary Edition),1768774125,2026-01-18 22:08:45,https://www.last.fm/music/The+Neighbourhood/_/Cinnamon
Wall of Sound,Charli xcx,Wall of Sound,1768774303,2026-01-18 22:11:43,https://www.last.fm/music/Charli+xcx/_/Wall+of+Sound
Planet,The Neighbourhood,(((((ultraSOUND))))),1768774332,2026-01-18 22:12:12,https://www.last.fm/music/The+Neighbourhood/_/Planet
Destiny,Ellie Goulding,Destiny,1768774574,2026-01-18 22:16:14,https://www.last.fm/music/Ellie+Goulding/_/Destiny
List of People (to Try and Forget About),Tame Impala,Currents B-Sides & Remixes,1768774891,2026-01-18 22:21:31,https://www.last.fm/music/Tame+Impala/_/List+of+People+(to+Try+and+Forget+About)
Just for Now,Imogen Heap,Speak For Yourself (Deluxe Version),1768775171,2026-01-18 22:26:11,https://www.last.fm/music/Imogen+Heap/_/Just+for+Now
Wall of Sound,Charli xcx,Wall of Sound,1768775352,2026-01-18 22:29:12,https://www.last.fm/music/Charli+xcx/_/Wall+of+Sound
High On Heaven,Nessa Barrett,High on Heaven,1768775497,2026-01-18 22:31:37,https://www.last.fm/music/Nessa+Barrett/_/High+On+Heaven
for the night,Madison Beer,locket,1768775697,2026-01-18 22:34:57,https://www.last.fm/music/Madison+Beer/_/for+the+night
So Far Away,Charli xcx,True Romance,1768775886,2026-01-18 22:38:06,https://www.last.fm/music/Charli+xcx/_/So+Far+Away
DANCE...,Slayyyter,DANCE...,1768776088,2026-01-18 22:41:28,https://www.last.fm/music/Slayyyter/_/DANCE...
DANCE...,Slayyyter,DANCE...,1768776381,2026-01-18 22:46:21,https://www.last.fm/music/Slayyyter/_/DANCE...
Here All Night,Demi Lovato,It’s Not That Deep (Little Bit Extra Version),1768776668,2026-01-18 22:51:08,https://www.last.fm/music/Demi+Lovato/_/Here+All+Night
"girl, get up. (Feat. SZA)",Doechii,"girl, get up. (feat. SZA)",1768776846,2026-01-18 22:54:06,"https://www.last.fm/music/Doechii/_/girl,+get+up.+(Feat.+SZA)"
What I Like,Charli xcx,True Romance,1768777035,2026-01-18 22:57:15,https://www.last.fm/music/Charli+xcx/_/What+I+Like
High On Heaven,Nessa Barrett,High on Heaven,1768777350,2026-01-18 23:02:30,https://www.last.fm/music/Nessa+Barrett/_/High+On+Heaven
Tennis Court,Lorde,Pure Heroine,1768777550,2026-01-18 23:05:50,https://www.last.fm/music/Lorde/_/Tennis+Court
Shooting star,Audrey Hobert,Who's the Clown?,1768777750,2026-01-18 23:09:10,https://www.last.fm/music/Audrey+Hobert/_/Shooting+star
In the Rain,Addison Rae,Addison,1768777928,2026-01-18 23:12:08,https://www.last.fm/music/Addison+Rae/_/In+the+Rain
obvious,Oklou,choke enough,1768778143,2026-01-18 23:15:43,https://www.last.fm/music/Oklou/_/obvious
You - Ha Ha Ha,Charli xcx,True Romance,1768778279,2026-01-18 23:17:59,https://www.last.fm/music/Charli+xcx/_/You+-+Ha+Ha+Ha
locket theme,Madison Beer,locket,1768778468,2026-01-18 23:21:08,https://www.last.fm/music/Madison+Beer/_/locket+theme
Sorry if I Hurt You,Charli xcx,CRASH (Deluxe),1768778557,2026-01-18 23:22:37,https://www.last.fm/music/Charli+xcx/_/Sorry+if+I+Hurt+You
altar,Kehlani,blue water road,1768778719,2026-01-18 23:25:19,https://www.last.fm/music/Kehlani/_/altar
The Ambition,Zara Larsson,Midnight Sun,1768778964,2026-01-18 23:29:24,https://www.last.fm/music/Zara+Larsson/_/The+Ambition
So Good (feat. Ty Dolla $ign),Zara Larsson,So Good,1768779179,2026-01-18 23:32:59,https://www.last.fm/music/Zara+Larsson/_/So+Good+(feat.+Ty+Dolla+$ign)
TG4M,Zara Larsson,So Good,1768779346,2026-01-18 23:35:46,https://www.last.fm/music/Zara+Larsson/_/TG4M
Now or Never,Halsey,hopeless fountain kingdom (Deluxe Plus),1768779519,2026-01-18 23:38:39,https://www.last.fm/music/Halsey/_/Now+or+Never
Bad at Love,Halsey,hopeless fountain kingdom (Deluxe Plus),1768779735,2026-01-18 23:42:15,https://www.last.fm/music/Halsey/_/Bad+at+Love
Without Me,Halsey,Manic,1768779917,2026-01-18 23:45:17,https://www.last.fm/music/Halsey/_/Without+Me
The Fate of Ophelia,Taylor Swift,The Life of a Showgirl,1768780156,2026-01-18 23:49:16,https://www.last.fm/music/Taylor+Swift/_/The+Fate+of+Ophelia
Ruin the Friendship,Taylor Swift,The Life of a Showgirl,1768780382,2026-01-18 23:53:02,https://www.last.fm/music/Taylor+Swift/_/Ruin+the+Friendship
Honey,Taylor Swift,The Life of a Showgirl,1768780724,2026-01-18 23:58:44,https://www.last.fm/music/Taylor+Swift/_/Honey
Forever,CHVRCHES,Love is Dead,1768780939,2026-01-19 00:02:19,https://www.last.fm/music/CHVRCHES/_/Forever
Blackout Drunk,Suki Waterhouse,Memoir of a Sparklemuffin,1768781163,2026-01-19 00:06:03,https://www.last.fm/music/Suki+Waterhouse/_/Blackout+Drunk
Emotion,Carly Rae Jepsen,Emotion (Deluxe Expanded Edition),1768781312,2026-01-19 00:08:32,https://www.last.fm/music/Carly+Rae+Jepsen/_/Emotion
Genesis,Grimes,Visions,1768781510,2026-01-19 00:11:50,https://www.last.fm/music/Grimes/_/Genesis
Company,Justin Bieber,Purpose (Deluxe),1768782268,2026-01-19 00:24:28,https://www.last.fm/music/Justin+Bieber/_/Company
Over the Moon,The Marías,"Superclean, Vol. II",1768782467,2026-01-19 00:27:47,https://www.last.fm/music/The+Mar%C3%ADas/_/Over+the+Moon
endless,Oklou,choke enough,1768782632,2026-01-19 00:30:32,https://www.last.fm/music/Oklou/_/endless
All We Need,ODESZA,In Return,1768782840,2026-01-19 00:34:00,https://www.last.fm/music/ODESZA/_/All+We+Need
complexity,Madison Beer,locket,1768783042,2026-01-19 00:37:22,https://www.last.fm/music/Madison+Beer/_/complexity
You da One,Rihanna,Talk That Talk,1768783203,2026-01-19 00:40:03,https://www.last.fm/music/Rihanna/_/You+da+One
Be the One,Dua Lipa,Dua Lipa (Deluxe),1768783406,2026-01-19 00:43:26,https://www.last.fm/music/Dua+Lipa/_/Be+the+One
What Do You Mean?,Justin Bieber,Purpose (Deluxe),1768783599,2026-01-19 00:46:39,https://www.last.fm/music/Justin+Bieber/_/What+Do+You+Mean%3F
Been Like This,Doja Cat,Planet Her,1768783797,2026-01-19 00:49:57,https://www.last.fm/music/Doja+Cat/_/Been+Like+This
Cool for the Summer,Demi Lovato,Confident,1768783965,2026-01-19 00:52:45,https://www.last.fm/music/Demi+Lovato/_/Cool+for+the+Summer
Been Like This,Doja Cat,Planet Her,1768783975,2026-01-19 00:52:55,https://www.last.fm/music/Doja+Cat/_/Been+Like+This
Never Be Like You (feat. Kai),Flume,Skin,1768784172,2026-01-19 00:56:12,https://www.last.fm/music/Flume/_/Never+Be+Like+You+(feat.+Kai)
We Can't Stop,Miley Cyrus,Bangerz (Deluxe Version),1768784398,2026-01-19 00:59:58,https://www.last.fm/music/Miley+Cyrus/_/We+Can%27t+Stop
yes baby,Madison Beer,yes baby,1768790856,2026-01-19 02:47:36,https://www.last.fm/music/Madison+Beer/_/yes+baby
CHANEL,Tyla,CHANEL,1768791026,2026-01-19 02:50:26,https://www.last.fm/music/Tyla/_/CHANEL
Ease My Mind,Chris Lake,Chemistry,1768791204,2026-01-19 02:53:24,https://www.last.fm/music/Chris+Lake/_/Ease+My+Mind
Stateside + Zara Larsson,PinkPantheress,Fancy Some More?,1768791387,2026-01-19 02:56:27,https://www.last.fm/music/PinkPantheress/_/Stateside+%252B+Zara+Larsson
wish i never,Kehlani,blue water road,1768791564,2026-01-19 02:59:24,https://www.last.fm/music/Kehlani/_/wish+i+never
Stateside + Zara Larsson,PinkPantheress,Fancy Some More?,1768797115,2026-01-19 04:31:55,https://www.last.fm/music/PinkPantheress/_/Stateside+%252B+Zara+Larsson
bad enough,Madison Beer,locket,1768797830,2026-01-19 04:43:50,https://www.last.fm/music/Madison+Beer/_/bad+enough
angel wings,Madison Beer,locket,1768798044,2026-01-19 04:47:24,https://www.last.fm/music/Madison+Beer/_/angel+wings
bad enough,Madison Beer,locket,1768798054,2026-01-19 04:47:34,https://www.last.fm/music/Madison+Beer/_/bad+enough
I'm Not Alone - MPH Remix,Calvin Harris,I'm Not Alone (MPH Remix),1768798257,2026-01-19 04:50:57,https://www.last.fm/music/Calvin+Harris/_/I%27m+Not+Alone+-+MPH+Remix
Over the Moon,The Marías,"Superclean, Vol. II",1768840403,2026-01-19 16:33:23,https://www.last.fm/music/The+Mar%C3%ADas/_/Over+the+Moon
What I Like,Charli xcx,True Romance,1768840503,2026-01-19 16:35:03,https://www.last.fm/music/Charli+xcx/_/What+I+Like
angel wings,Madison Beer,locket,1768840506,2026-01-19 16:35:06,https://www.last.fm/music/Madison+Beer/_/angel+wings
bad enough,Madison Beer,locket,1768840755,2026-01-19 16:39:15,https://www.last.fm/music/Madison+Beer/_/bad+enough
complexity,Madison Beer,locket,1768840984,2026-01-19 16:43:04,https://www.last.fm/music/Madison+Beer/_/complexity
Stateside + Zara Larsson,PinkPantheress,Fancy Some More?,1768841131,2026-01-19 16:45:31,https://www.last.fm/music/PinkPantheress/_/Stateside+%252B+Zara+Larsson
Company,Justin Bieber,Purpose (Deluxe),1768841307,2026-01-19 16:48:27,https://www.last.fm/music/Justin+Bieber/_/Company
Stateside + Zara Larsson,PinkPantheress,Fancy Some More?,1768841317,2026-01-19 16:48:37,https://www.last.fm/music/PinkPantheress/_/Stateside+%252B+Zara+Larsson
Never Be Like You (feat. Kai),Flume,Skin,1768841520,2026-01-19 16:52:00,https://www.last.fm/music/Flume/_/Never+Be+Like+You+(feat.+Kai)
CHANEL,Tyla,CHANEL,1768844778,2026-01-19 17:46:18,https://www.last.fm/music/Tyla/_/CHANEL
Such A Funny Way,Sabrina Carpenter,Man’s Best Friend (Bonus Track Version),1768844956,2026-01-19 17:49:16,https://www.last.fm/music/Sabrina+Carpenter/_/Such+A+Funny+Way
Ruin the Friendship,Taylor Swift,The Life of a Showgirl,1768845180,2026-01-19 17:53:00,https://www.last.fm/music/Taylor+Swift/_/Ruin+the+Friendship
I got it bad,Addison Rae,AR,1768845392,2026-01-19 17:56:32,https://www.last.fm/music/Addison+Rae/_/I+got+it+bad
Mosquito,PinkPantheress,Heaven knows,1768845677,2026-01-19 18:01:17,https://www.last.fm/music/PinkPantheress/_/Mosquito
3,Britney Spears,The Essential Britney Spears,1768845975,2026-01-19 18:06:15,https://www.last.fm/music/Britney+Spears/_/3
Bad at Love,Halsey,hopeless fountain kingdom (Deluxe Plus),1768847276,2026-01-19 18:27:56,https://www.last.fm/music/Halsey/_/Bad+at+Love
Roses,The Chainsmokers,Roses,1768847448,2026-01-19 18:30:48,https://www.last.fm/music/The+Chainsmokers/_/Roses
Hands to Myself,Selena Gomez,Revival (Deluxe),1768847666,2026-01-19 18:34:26,https://www.last.fm/music/Selena+Gomez/_/Hands+to+Myself
Everyday,Ariana Grande,Dangerous Woman,1768847858,2026-01-19 18:37:38,https://www.last.fm/music/Ariana+Grande/_/Everyday
Starving,Hailee Steinfeld,Starving,1768848062,2026-01-19 18:41:02,https://www.last.fm/music/Hailee+Steinfeld/_/Starving
Ain't My Fault,Zara Larsson,So Good,1768848234,2026-01-19 18:43:54,https://www.last.fm/music/Zara+Larsson/_/Ain%27t+My+Fault
3 Strikes,Terror Jr,Bop City,1768848450,2026-01-19 18:47:30,https://www.last.fm/music/Terror+Jr/_/3+Strikes
IDGAF,Dua Lipa,Dua Lipa (Deluxe),1768848617,2026-01-19 18:50:17,https://www.last.fm/music/Dua+Lipa/_/IDGAF
"girl, get up. (Feat. SZA)",Doechii,"girl, get up. (feat. SZA)",1768848865,2026-01-19 18:54:25,"https://www.last.fm/music/Doechii/_/girl,+get+up.+(Feat.+SZA)"
Here All Night,Demi Lovato,It’s Not That Deep (Little Bit Extra Version),1768849044,2026-01-19 18:57:24,https://www.last.fm/music/Demi+Lovato/_/Here+All+Night
Same Old Love,Selena Gomez,Revival (Deluxe),1768849656,2026-01-19 19:07:36,https://www.last.fm/music/Selena+Gomez/_/Same+Old+Love
Gold,Kiiara,lil kiiwi,1768849876,2026-01-19 19:11:16,https://www.last.fm/music/Kiiara/_/Gold
Cool for the Summer,Demi Lovato,Confident,1768850093,2026-01-19 19:14:53,https://www.last.fm/music/Demi+Lovato/_/Cool+for+the+Summer
No Lie,Sean Paul,Mad Love The Prequel,1768850299,2026-01-19 19:18:19,https://www.last.fm/music/Sean+Paul/_/No+Lie
Rockabye (feat. Sean Paul & Anne-Marie),Clean Bandit,What is Love? (Deluxe Edition),1768850512,2026-01-19 19:21:52,https://www.last.fm/music/Clean+Bandit/_/Rockabye+(feat.+Sean+Paul+&+Anne-Marie)
Shower,Becky G,Shower,1768850754,2026-01-19 19:25:54,https://www.last.fm/music/Becky+G/_/Shower
This Is How We Do,Katy Perry,PRISM (Deluxe),1768850952,2026-01-19 19:29:12,https://www.last.fm/music/Katy+Perry/_/This+Is+How+We+Do
Work from Home (feat. Ty Dolla $ign),Fifth Harmony,7/27 (Deluxe),1768851164,2026-01-19 19:32:44,https://www.last.fm/music/Fifth+Harmony/_/Work+from+Home+(feat.+Ty+Dolla+$ign)
Work,Iggy Azalea,The New Classic,1768851369,2026-01-19 19:36:09,https://www.last.fm/music/Iggy+Azalea/_/Work
Black Widow,Iggy Azalea,The New Classic,1768851583,2026-01-19 19:39:43,https://www.last.fm/music/Iggy+Azalea/_/Black+Widow
My Way,Calvin Harris,My Way,1768851797,2026-01-19 19:43:17,https://www.last.fm/music/Calvin+Harris/_/My+Way
angel wings,Madison Beer,locket,1768853780,2026-01-19 20:16:20,https://www.last.fm/music/Madison+Beer/_/angel+wings
up at night (feat. Justin Bieber),Kehlani,blue water road,1768854016,2026-01-19 20:20:16,https://www.last.fm/music/Kehlani/_/up+at+night+(feat.+Justin+Bieber)
What I Like,Charli xcx,True Romance,1768854189,2026-01-19 20:23:09,https://www.last.fm/music/Charli+xcx/_/What+I+Like
ANYTHING BUT LOVE,Tate McRae,SO CLOSE TO WHAT??? (deluxe),1768854363,2026-01-19 20:26:03,https://www.last.fm/music/Tate+McRae/_/ANYTHING+BUT+LOVE
Sorry if I Hurt You,Charli xcx,CRASH (Deluxe),1768856652,2026-01-19 21:04:12,https://www.last.fm/music/Charli+xcx/_/Sorry+if+I+Hurt+You
DANCE...,Slayyyter,DANCE...,1768856804,2026-01-19 21:06:44,https://www.last.fm/music/Slayyyter/_/DANCE...
VOY A LLeVARTE PA PR,Bad Bunny,DeBÍ TiRAR MáS FOToS,1768858243,2026-01-19 21:30:43,https://www.last.fm/music/Bad+Bunny/_/VOY+A+LLeVARTE+PA+PR
In My Head,Demi Lovato,It’s Not That Deep (Little Bit Extra Version),1768858246,2026-01-19 21:30:46,https://www.last.fm/music/Demi+Lovato/_/In+My+Head
KLOuFRENS,Bad Bunny,DeBÍ TiRAR MáS FOToS,1768858390,2026-01-19 21:33:10,https://www.last.fm/music/Bad+Bunny/_/KLOuFRENS
EoO,Bad Bunny,DeBÍ TiRAR MáS FOToS,1768858580,2026-01-19 21:36:20,https://www.last.fm/music/Bad+Bunny/_/EoO
Nuclear Seasons,Charli xcx,True Romance,1768858780,2026-01-19 21:39:40,https://www.last.fm/music/Charli+xcx/_/Nuclear+Seasons
Grins,Charli xcx,True Romance,1768860307,2026-01-19 22:05:07,https://www.last.fm/music/Charli+xcx/_/Grins
List of People (to Try and Forget About),Tame Impala,Currents B-Sides & Remixes,1768864239,2026-01-19 23:10:39,https://www.last.fm/music/Tame+Impala/_/List+of+People+(to+Try+and+Forget+About)
Never Be the Same,Camila Cabello,Camila,1768864275,2026-01-19 23:11:15,https://www.last.fm/music/Camila+Cabello/_/Never+Be+the+Same
Blow Your Mind (Mwah),Dua Lipa,Dua Lipa (Deluxe),1768864798,2026-01-19 23:19:58,https://www.last.fm/music/Dua+Lipa/_/Blow+Your+Mind+(Mwah)
The Heart Wants What It Wants,Selena Gomez,The Heart Wants What It Wants,1768864970,2026-01-19 23:22:50,https://www.last.fm/music/Selena+Gomez/_/The+Heart+Wants+What+It+Wants
Talking Body,Tove Lo,Queen of the Clouds,1768875157,2026-01-20 02:12:37,https://www.last.fm/music/Tove+Lo/_/Talking+Body
The Heart Wants What It Wants,Selena Gomez,The Heart Wants What It Wants,1768898117,2026-01-20 08:35:17,https://www.last.fm/music/Selena+Gomez/_/The+Heart+Wants+What+It+Wants
Same Ol’ Mistakes,Rihanna,ANTI (Deluxe),1768928097,2026-01-20 16:54:57,https://www.last.fm/music/Rihanna/_/Same+Ol%E2%80%99+Mistakes
Keep It Simple,Tove Lo,Lady Wood,1768931362,2026-01-20 17:49:22,https://www.last.fm/music/Tove+Lo/_/Keep+It+Simple
High On Heaven,Nessa Barrett,High on Heaven,1768938683,2026-01-20 19:51:23,https://www.last.fm/music/Nessa+Barrett/_/High+On+Heaven
nothing at all,Madison Beer,locket,1768938873,2026-01-20 19:54:33,https://www.last.fm/music/Madison+Beer/_/nothing+at+all
healthy habit,Madison Beer,locket,1768939052,2026-01-20 19:57:32,https://www.last.fm/music/Madison+Beer/_/healthy+habit
you're still everything,Madison Beer,locket,1768939188,2026-01-20 19:59:48,https://www.last.fm/music/Madison+Beer/_/you%27re+still+everything
Wall of Sound,Charli xcx,Wall of Sound,1768939389,2026-01-20 20:03:09,https://www.last.fm/music/Charli+xcx/_/Wall+of+Sound
What Once Was,Her's,Songs of Her's,1768939525,2026-01-20 20:05:25,https://www.last.fm/music/Her%27s/_/What+Once+Was
Delete Ya,Djo,The Crux,1768939771,2026-01-20 20:09:31,https://www.last.fm/music/Djo/_/Delete+Ya
Juna,Clairo,Charm,1768940063,2026-01-20 20:14:23,https://www.last.fm/music/Clairo/_/Juna
PPP,Beach House,Depression Cherry,1768940250,2026-01-20 20:17:30,https://www.last.fm/music/Beach+House/_/PPP
Real Life,The Marías,Submarine,1768941696,2026-01-20 20:41:36,https://www.last.fm/music/The+Mar%C3%ADas/_/Real+Life
locket theme,Madison Beer,locket,1768942052,2026-01-20 20:47:32,https://www.last.fm/music/Madison+Beer/_/locket+theme
Tears (feat. Caroline Polachek),Charli xcx,Pop 2,1768942132,2026-01-20 20:48:52,https://www.last.fm/music/Charli+xcx/_/Tears+(feat.+Caroline+Polachek)
HORSESHOE,Tate McRae,SO CLOSE TO WHAT??? (deluxe),1768942378,2026-01-20 20:52:58,https://www.last.fm/music/Tate+McRae/_/HORSESHOE
Favourite Daughter,Lorde,Virgin,1768942550,2026-01-20 20:55:50,https://www.last.fm/music/Lorde/_/Favourite+Daughter
Girl's Girl,Zara Larsson,Midnight Sun,1768942764,2026-01-20 20:59:24,https://www.last.fm/music/Zara+Larsson/_/Girl%27s+Girl
Sweet Relief,Madison Beer,Silence Between Songs,1768942933,2026-01-20 21:02:13,https://www.last.fm/music/Madison+Beer/_/Sweet+Relief
NOBODY'S GIRL,Tate McRae,SO CLOSE TO WHAT??? (deluxe),1768943086,2026-01-20 21:04:46,https://www.last.fm/music/Tate+McRae/_/NOBODY%27S+GIRL
Gorgeous,Doja Cat,Vie,1768943245,2026-01-20 21:07:25,https://www.last.fm/music/Doja+Cat/_/Gorgeous
Nothing On (But The Radio),Addison Rae,AR,1768943518,2026-01-20 21:11:58,https://www.last.fm/music/Addison+Rae/_/Nothing+On+(But+The+Radio)
Next Level Charli,Charli xcx,Charli,1768943706,2026-01-20 21:15:06,https://www.last.fm/music/Charli+xcx/_/Next+Level+Charli
Stateside + Zara Larsson,PinkPantheress,Fancy Some More?,1768943868,2026-01-20 21:17:48,https://www.last.fm/music/PinkPantheress/_/Stateside+%252B+Zara+Larsson
Yes I'm Changing,Tame Impala,Currents,1768944043,2026-01-20 21:20:43,https://www.last.fm/music/Tame+Impala/_/Yes+I%27m+Changing
The Ambition,Zara Larsson,Midnight Sun,1768944323,2026-01-20 21:25:23,https://www.last.fm/music/Zara+Larsson/_/The+Ambition
Silver Cross,Charli xcx,Charli,1768944540,2026-01-20 21:29:00,https://www.last.fm/music/Charli+xcx/_/Silver+Cross
Sorry if I Hurt You,Charli xcx,CRASH (Deluxe),1768944739,2026-01-20 21:32:19,https://www.last.fm/music/Charli+xcx/_/Sorry+if+I+Hurt+You
angel wings,Madison Beer,locket,1768944892,2026-01-20 21:34:52,https://www.last.fm/music/Madison+Beer/_/angel+wings
Open Season,High Highs,Open Season,1768945127,2026-01-20 21:38:47,https://www.last.fm/music/High+Highs/_/Open+Season
List of People (to Try and Forget About),Tame Impala,Currents B-Sides & Remixes,1768945406,2026-01-20 21:43:26,https://www.last.fm/music/Tame+Impala/_/List+of+People+(to+Try+and+Forget+About)
"girl, get up. (Feat. SZA)",Doechii,"girl, get up. (feat. SZA)",1768945911,2026-01-20 21:51:51,"https://www.last.fm/music/Doechii/_/girl,+get+up.+(Feat.+SZA)"
altar,Kehlani,blue water road,1768946090,2026-01-20 21:54:50,https://www.last.fm/music/Kehlani/_/altar
everything,Kehlani,blue water road,1768946326,2026-01-20 21:58:46,https://www.last.fm/music/Kehlani/_/everything
up at night (feat. Justin Bieber),Kehlani,blue water road,1768946525,2026-01-20 22:02:05,https://www.last.fm/music/Kehlani/_/up+at+night+(feat.+Justin+Bieber)
Wall of Sound,Charli xcx,Wall of Sound,1768946699,2026-01-20 22:04:59,https://www.last.fm/music/Charli+xcx/_/Wall+of+Sound
bad enough,Madison Beer,locket,1768946835,2026-01-20 22:07:15,https://www.last.fm/music/Madison+Beer/_/bad+enough
you're still everything,Madison Beer,locket,1768947049,2026-01-20 22:10:49,https://www.last.fm/music/Madison+Beer/_/you%27re+still+everything
complexity,Madison Beer,locket,1768947256,2026-01-20 22:14:16,https://www.last.fm/music/Madison+Beer/_/complexity
Parachute,Hayley Williams,Ego Death At A Bachelorette Party,1768947403,2026-01-20 22:16:43,https://www.last.fm/music/Hayley+Williams/_/Parachute
A Change of Heart,The 1975,"I like it when you sleep, for you are so beautiful yet so unaware of it",1768947615,2026-01-20 22:20:15,https://www.last.fm/music/The+1975/_/A+Change+of+Heart
TRYING ON SHOES,Tate McRae,SO CLOSE TO WHAT??? (deluxe),1768947890,2026-01-20 22:24:50,https://www.last.fm/music/Tate+McRae/_/TRYING+ON+SHOES
Cinnamon,The Neighbourhood,Wiped Out! (10th Anniversary Edition),1768948063,2026-01-20 22:27:43,https://www.last.fm/music/The+Neighbourhood/_/Cinnamon
Wet Hair,Audrey Hobert,Who's the Clown?,1768948297,2026-01-20 22:31:37,https://www.last.fm/music/Audrey+Hobert/_/Wet+Hair
Bowling alley,Audrey Hobert,Who's the Clown?,1768948483,2026-01-20 22:34:43,https://www.last.fm/music/Audrey+Hobert/_/Bowling+alley
Outbound,After,After EP 2,1768948629,2026-01-20 22:37:09,https://www.last.fm/music/After/_/Outbound
Egg,Djo,The Crux,1768949350,2026-01-20 22:49:10,https://www.last.fm/music/Djo/_/Egg
Egg,Djo,The Crux,1768949629,2026-01-20 22:53:49,https://www.last.fm/music/Djo/_/Egg
Think Twice,Suki Waterhouse,Memoir of a Sparklemuffin,1768949635,2026-01-20 22:53:55,https://www.last.fm/music/Suki+Waterhouse/_/Think+Twice
Blackout Drunk,Suki Waterhouse,Memoir of a Sparklemuffin,1768949827,2026-01-20 22:57:07,https://www.last.fm/music/Suki+Waterhouse/_/Blackout+Drunk
All We Ever Do Is Talk,Del Water Gap,I Miss You Already + I Haven’t Left Yet,1768949974,2026-01-20 22:59:34,https://www.last.fm/music/Del+Water+Gap/_/All+We+Ever+Do+Is+Talk
melt,Kehlani,blue water road,1768950191,2026-01-20 23:03:11,https://www.last.fm/music/Kehlani/_/melt
End of Beginning,Djo,DECIDE,1768950417,2026-01-20 23:06:57,https://www.last.fm/music/Djo/_/End+of+Beginning
Chateau (Feel Alright),Djo,Twenty Twenty,1768950566,2026-01-20 23:09:26,https://www.last.fm/music/Djo/_/Chateau+(Feel+Alright)
Add Up My Love,Clairo,Charm,1768950830,2026-01-20 23:13:50,https://www.last.fm/music/Clairo/_/Add+Up+My+Love
for the night,Madison Beer,locket,1768951049,2026-01-20 23:17:29,https://www.last.fm/music/Madison+Beer/_/for+the+night
Roll With Me,Charli xcx,Number 1 Angel,1768951248,2026-01-20 23:20:48,https://www.last.fm/music/Charli+xcx/_/Roll+With+Me
for the night,Madison Beer,locket,1768951440,2026-01-20 23:24:00,https://www.last.fm/music/Madison+Beer/_/for+the+night
How To Live,Del Water Gap,Chasing The Chimera,1768951593,2026-01-20 23:26:33,https://www.last.fm/music/Del+Water+Gap/_/How+To+Live
True romance,PinkPantheress,Heaven knows,1768951823,2026-01-20 23:30:23,https://www.last.fm/music/PinkPantheress/_/True+romance
yes baby,Madison Beer,yes baby,1768951943,2026-01-20 23:32:23,https://www.last.fm/music/Madison+Beer/_/yes+baby
I'll Show You,Justin Bieber,Purpose (Deluxe),1768952109,2026-01-20 23:35:09,https://www.last.fm/music/Justin+Bieber/_/I%27ll+Show+You
Gimme More,Britney Spears,Blackout,1768952693,2026-01-20 23:44:53,https://www.last.fm/music/Britney+Spears/_/Gimme+More
Cave (with Tove Lo),Dom Dolla,Cave (with Tove Lo),1768954097,2026-01-21 00:08:17,https://www.last.fm/music/Dom+Dolla/_/Cave+(with+Tove+Lo)
Turn Me On (feat. Nicki Minaj),David Guetta,Nothing But The Beat (Ultimate Edition),1768955846,2026-01-21 00:37:26,https://www.last.fm/music/David+Guetta/_/Turn+Me+On+(feat.+Nicki+Minaj)
get me started (feat. syd),Kehlani,blue water road,1768959352,2026-01-21 01:35:52,https://www.last.fm/music/Kehlani/_/get+me+started+(feat.+syd)
Mosquito,PinkPantheress,Heaven knows,1768959511,2026-01-21 01:38:31,https://www.last.fm/music/PinkPantheress/_/Mosquito
Nuclear Seasons,Charli xcx,True Romance,1768959649,2026-01-21 01:40:49,https://www.last.fm/music/Charli+xcx/_/Nuclear+Seasons
everything,Kehlani,blue water road,1768960379,2026-01-21 01:52:59,https://www.last.fm/music/Kehlani/_/everything
altar,Kehlani,blue water road,1768960578,2026-01-21 01:56:18,https://www.last.fm/music/Kehlani/_/altar
bad enough,Madison Beer,locket,1768970689,2026-01-21 04:44:49,https://www.last.fm/music/Madison+Beer/_/bad+enough
complexity,Madison Beer,locket,1768970915,2026-01-21 04:48:35,https://www.last.fm/music/Madison+Beer/_/complexity
angel wings,Madison Beer,locket,1768971557,2026-01-21 04:59:17,https://www.last.fm/music/Madison+Beer/_/angel+wings
Lush Life,Zara Larsson,So Good,1768971791,2026-01-21 05:03:11,https://www.last.fm/music/Zara+Larsson/_/Lush+Life
Vroom Vroom,Charli xcx,Vroom Vroom EP,1768971983,2026-01-21 05:06:23,https://www.last.fm/music/Charli+xcx/_/Vroom+Vroom
EoO,Bad Bunny,DeBÍ TiRAR MáS FOToS,1768972168,2026-01-21 05:09:28,https://www.last.fm/music/Bad+Bunny/_/EoO
Frequency,Demi Lovato,It’s Not That Deep (Little Bit Extra Version),1768972364,2026-01-21 05:12:44,https://www.last.fm/music/Demi+Lovato/_/Frequency
Here All Night,Demi Lovato,It’s Not That Deep (Little Bit Extra Version),1768972519,2026-01-21 05:15:19,https://www.last.fm/music/Demi+Lovato/_/Here+All+Night
Joshua Tree,Demi Lovato,It’s Not That Deep (Little Bit Extra Version),1768972687,2026-01-21 05:18:07,https://www.last.fm/music/Demi+Lovato/_/Joshua+Tree
KLOuFRENS,Bad Bunny,DeBÍ TiRAR MáS FOToS,1768972881,2026-01-21 05:21:21,https://www.last.fm/music/Bad+Bunny/_/KLOuFRENS
Talk to Me,Robyn,Sexistential / Talk To Me,1768973072,2026-01-21 05:24:32,https://www.last.fm/music/Robyn/_/Talk+to+Me
for the night,Madison Beer,locket,1768973263,2026-01-21 05:27:43,https://www.last.fm/music/Madison+Beer/_/for+the+night
bad enough,Madison Beer,locket,1768973452,2026-01-21 05:30:52,https://www.last.fm/music/Madison+Beer/_/bad+enough
healthy habit,Madison Beer,locket,1768986750,2026-01-21 09:12:30,https://www.last.fm/music/Madison+Beer/_/healthy+habit
angel wings,Madison Beer,locket,1769014708,2026-01-21 16:58:28,https://www.last.fm/music/Madison+Beer/_/angel+wings
for the night,Madison Beer,locket,1769014952,2026-01-21 17:02:32,https://www.last.fm/music/Madison+Beer/_/for+the+night
Bad at Love,Halsey,hopeless fountain kingdom (Deluxe Plus),1769016606,2026-01-21 17:30:06,https://www.last.fm/music/Halsey/_/Bad+at+Love
It Ain’t Me (with Selena Gomez),Kygo,It Ain't Me,1769016778,2026-01-21 17:32:58,https://www.last.fm/music/Kygo/_/It+Ain%E2%80%99t+Me+(with+Selena+Gomez)
True romance,PinkPantheress,Heaven knows,1769016990,2026-01-21 17:36:30,https://www.last.fm/music/PinkPantheress/_/True+romance
All We Ever Do Is Talk,Del Water Gap,I Miss You Already + I Haven’t Left Yet,1769017118,2026-01-21 17:38:38,https://www.last.fm/music/Del+Water+Gap/_/All+We+Ever+Do+Is+Talk
Think Twice,Suki Waterhouse,Memoir of a Sparklemuffin,1769017336,2026-01-21 17:42:16,https://www.last.fm/music/Suki+Waterhouse/_/Think+Twice
Sorry if I Hurt You,Charli xcx,CRASH (Deluxe),1769017519,2026-01-21 17:45:19,https://www.last.fm/music/Charli+xcx/_/Sorry+if+I+Hurt+You
everything,Kehlani,blue water road,1769017672,2026-01-21 17:47:52,https://www.last.fm/music/Kehlani/_/everything
Crying in the Club,Camila Cabello,Crying in the Club,1769017925,2026-01-21 17:52:05,https://www.last.fm/music/Camila+Cabello/_/Crying+in+the+Club
"Still Falling For You - From ""Bridget Jones's Baby""",Ellie Goulding,"Still Falling For You (From ""Bridget Jones's Baby"" Original Motion Picture Soundtrack)",1769018131,2026-01-21 17:55:31,https://www.last.fm/music/Ellie+Goulding/_/Still+Falling+For+You+-+From+%22Bridget+Jones%27s+Baby%22
Scared to Be Lonely,Martin Garrix,Scared to Be Lonely,1769018365,2026-01-21 17:59:25,https://www.last.fm/music/Martin+Garrix/_/Scared+to+Be+Lonely
2U (feat. Justin Bieber),David Guetta,7: Anniversary Edition,1769018577,2026-01-21 18:02:57,https://www.last.fm/music/David+Guetta/_/2U+(feat.+Justin+Bieber)
breathin,Ariana Grande,Sweetener,1769018763,2026-01-21 18:06:03,https://www.last.fm/music/Ariana+Grande/_/breathin
It Ain’t Me (with Selena Gomez),Kygo,It Ain't Me,1769018953,2026-01-21 18:09:13,https://www.last.fm/music/Kygo/_/It+Ain%E2%80%99t+Me+(with+Selena+Gomez)
Destiny,Ellie Goulding,Destiny,1769019254,2026-01-21 18:14:14,https://www.last.fm/music/Ellie+Goulding/_/Destiny
Be the One,Dua Lipa,Dua Lipa (Deluxe),1769019522,2026-01-21 18:18:42,https://www.last.fm/music/Dua+Lipa/_/Be+the+One
Houdini,Dua Lipa,Radical Optimism,1769019716,2026-01-21 18:21:56,https://www.last.fm/music/Dua+Lipa/_/Houdini
Training Season,Dua Lipa,Radical Optimism,1769019902,2026-01-21 18:25:02,https://www.last.fm/music/Dua+Lipa/_/Training+Season
Whatcha Doing,Dua Lipa,Radical Optimism,1769020103,2026-01-21 18:28:23,https://www.last.fm/music/Dua+Lipa/_/Whatcha+Doing
Illusion,Dua Lipa,Radical Optimism,1769020293,2026-01-21 18:31:33,https://www.last.fm/music/Dua+Lipa/_/Illusion
These Walls,Dua Lipa,Radical Optimism,1769020472,2026-01-21 18:34:32,https://www.last.fm/music/Dua+Lipa/_/These+Walls
Cool,Dua Lipa,Future Nostalgia,1769020681,2026-01-21 18:38:01,https://www.last.fm/music/Dua+Lipa/_/Cool
Pretty Please,Dua Lipa,Future Nostalgia,1769020882,2026-01-21 18:41:22,https://www.last.fm/music/Dua+Lipa/_/Pretty+Please
Don't Start Now,Dua Lipa,Future Nostalgia,1769021074,2026-01-21 18:44:34,https://www.last.fm/music/Dua+Lipa/_/Don%27t+Start+Now
Fever,Dua Lipa,Future Nostalgia,1769021248,2026-01-21 18:47:28,https://www.last.fm/music/Dua+Lipa/_/Fever
Now or Never,Halsey,hopeless fountain kingdom (Deluxe Plus),1769021396,2026-01-21 18:49:56,https://www.last.fm/music/Halsey/_/Now+or+Never
Roses,The Chainsmokers,Roses,1769021603,2026-01-21 18:53:23,https://www.last.fm/music/The+Chainsmokers/_/Roses
Nasty,Tinashe,QUANTUM BABY,1769021821,2026-01-21 18:57:01,https://www.last.fm/music/Tinashe/_/Nasty
B2b featuring tinashe,Charli xcx,Brat and it’s completely different but also still brat,1769021988,2026-01-21 18:59:48,https://www.last.fm/music/Charli+xcx/_/B2b+featuring+tinashe
CHIHIRO,Billie Eilish,HIT ME HARD AND SOFT,1769022181,2026-01-21 19:03:01,https://www.last.fm/music/Billie+Eilish/_/CHIHIRO
BITTERSUITE,Billie Eilish,HIT ME HARD AND SOFT,1769022476,2026-01-21 19:07:56,https://www.last.fm/music/Billie+Eilish/_/BITTERSUITE
Lonesome Is a State of Mind,Djo,The Crux,1769022766,2026-01-21 19:12:46,https://www.last.fm/music/Djo/_/Lonesome+Is+a+State+of+Mind
Delete Ya,Djo,The Crux,1769023017,2026-01-21 19:16:57,https://www.last.fm/music/Djo/_/Delete+Ya
Basic Being Basic,Djo,The Crux,1769023212,2026-01-21 19:20:12,https://www.last.fm/music/Djo/_/Basic+Being+Basic
supernatural (with Troye Sivan) - Remix,Ariana Grande,eternal sunshine (slightly deluxe),1769023361,2026-01-21 19:22:41,https://www.last.fm/music/Ariana+Grande/_/supernatural+(with+Troye+Sivan)+-+Remix
SUGAR (Remix) [feat. Dua Lipa],BROCKHAMPTON,SUGAR (Remix) [feat. Dua Lipa],1769023516,2026-01-21 19:25:16,https://www.last.fm/music/BROCKHAMPTON/_/SUGAR+(Remix)+%5Bfeat.+Dua+Lipa%5D
you're still everything,Madison Beer,locket,1769023730,2026-01-21 19:28:50,https://www.last.fm/music/Madison+Beer/_/you%27re+still+everything
Bad Together,Dua Lipa,Dua Lipa (Deluxe),1769023930,2026-01-21 19:32:10,https://www.last.fm/music/Dua+Lipa/_/Bad+Together
No Goodbyes,Dua Lipa,Dua Lipa (Deluxe),1769027749,2026-01-21 20:35:49,https://www.last.fm/music/Dua+Lipa/_/No+Goodbyes
Sweet Relief,Madison Beer,Silence Between Songs,1769027957,2026-01-21 20:39:17,https://www.last.fm/music/Madison+Beer/_/Sweet+Relief
Niagara Falls,The Weeknd,Hurry Up Tomorrow,1769028110,2026-01-21 20:41:50,https://www.last.fm/music/The+Weeknd/_/Niagara+Falls
TG4M,Zara Larsson,So Good,1769028378,2026-01-21 20:46:18,https://www.last.fm/music/Zara+Larsson/_/TG4M
CHANEL,Tyla,CHANEL,1769028543,2026-01-21 20:49:03,https://www.last.fm/music/Tyla/_/CHANEL
Open Season,High Highs,Open Season,1769028837,2026-01-21 20:53:57,https://www.last.fm/music/High+Highs/_/Open+Season
High On Heaven,Nessa Barrett,High on Heaven,1769029060,2026-01-21 20:57:40,https://www.last.fm/music/Nessa+Barrett/_/High+On+Heaven
DANCE...,Slayyyter,DANCE...,1769029251,2026-01-21 21:00:51,https://www.last.fm/music/Slayyyter/_/DANCE...
Wall of Sound,Charli xcx,Wall of Sound,1769029529,2026-01-21 21:05:29,https://www.last.fm/music/Charli+xcx/_/Wall+of+Sound
Dust Bowl,Ethel Cain,"Willoughby Tucker, I'll Always Love You",1769029665,2026-01-21 21:07:45,https://www.last.fm/music/Ethel+Cain/_/Dust+Bowl
Chains of Love,Charli xcx,Chains of Love,1769032120,2026-01-21 21:48:40,https://www.last.fm/music/Charli+xcx/_/Chains+of+Love
bad enough,Madison Beer,locket,1769032280,2026-01-21 21:51:20,https://www.last.fm/music/Madison+Beer/_/bad+enough
healthy habit,Madison Beer,locket,1769032503,2026-01-21 21:55:03,https://www.last.fm/music/Madison+Beer/_/healthy+habit
Apocalypse,Cigarettes After Sex,Cigarettes After Sex,1769032610,2026-01-21 21:56:50,https://www.last.fm/music/Cigarettes+After+Sex/_/Apocalypse
K.,Cigarettes After Sex,Cigarettes After Sex,1769032892,2026-01-21 22:01:32,https://www.last.fm/music/Cigarettes+After+Sex/_/K.
Blue Hair,TV Girl,Death of a Party Girl,1769034631,2026-01-21 22:30:31,https://www.last.fm/music/TV+Girl/_/Blue+Hair
healthy habit,Madison Beer,locket,1769034840,2026-01-21 22:34:00,https://www.last.fm/music/Madison+Beer/_/healthy+habit
healthy habit,Madison Beer,locket,1769034927,2026-01-21 22:35:27,https://www.last.fm/music/Madison+Beer/_/healthy+habit
Home to Another One,Madison Beer,Home to Another One,1769035064,2026-01-21 22:37:44,https://www.last.fm/music/Madison+Beer/_/Home+to+Another+One
What Once Was,Her's,Songs of Her's,1769035204,2026-01-21 22:40:04,https://www.last.fm/music/Her%27s/_/What+Once+Was
List of People (to Try and Forget About),Tame Impala,Currents B-Sides & Remixes,1769035450,2026-01-21 22:44:10,https://www.last.fm/music/Tame+Impala/_/List+of+People+(to+Try+and+Forget+About)
Back to You,Not For Radio,Melt,1769035722,2026-01-21 22:48:42,https://www.last.fm/music/Not+For+Radio/_/Back+to+You
Frail State of Mind,The 1975,Notes on a Conditional Form,1769035989,2026-01-21 22:53:09,https://www.last.fm/music/The+1975/_/Frail+State+of+Mind
warm,Ariana Grande,eternal sunshine deluxe: brighter days ahead,1769036214,2026-01-21 22:56:54,https://www.last.fm/music/Ariana+Grande/_/warm
White Mercedes,Charli xcx,Charli,1769036407,2026-01-21 23:00:07,https://www.last.fm/music/Charli+xcx/_/White+Mercedes
What Was That,Lorde,What Was That,1769036602,2026-01-21 23:03:22,https://www.last.fm/music/Lorde/_/What+Was+That
locket theme,Madison Beer,locket,1769036802,2026-01-21 23:06:42,https://www.last.fm/music/Madison+Beer/_/locket+theme
nothing at all,Madison Beer,locket,1769036977,2026-01-21 23:09:37,https://www.last.fm/music/Madison+Beer/_/nothing+at+all
Stargazing,The Neighbourhood,Chip Chrome & The Mono-Tones (Deluxe),1769037239,2026-01-21 23:13:59,https://www.last.fm/music/The+Neighbourhood/_/Stargazing
we're not alike,Tate McRae,THINK LATER,1769037447,2026-01-21 23:17:27,https://www.last.fm/music/Tate+McRae/_/we%27re+not+alike
Eat Your Young,Hozier,Unreal Unearth,1769037618,2026-01-21 23:20:18,https://www.last.fm/music/Hozier/_/Eat+Your+Young
Pretty in Possible,Caroline Polachek,"Desire, I Want to Turn Into You",1769037930,2026-01-21 23:25:30,https://www.last.fm/music/Caroline+Polachek/_/Pretty+in+Possible
24/7,The Neighbourhood,Hard to Imagine the Neighbourhood Ever Changing,1769038138,2026-01-21 23:28:58,https://www.last.fm/music/The+Neighbourhood/_/24%2F7
Magic,Coldplay,Ghost Stories,1769038349,2026-01-21 23:32:29,https://www.last.fm/music/Coldplay/_/Magic
stranger,Olivia Rodrigo,GUTS (spilled),1769038626,2026-01-21 23:37:06,https://www.last.fm/music/Olivia+Rodrigo/_/stranger
GOLDWING,Billie Eilish,Happier Than Ever,1769038810,2026-01-21 23:40:10,https://www.last.fm/music/Billie+Eilish/_/GOLDWING
healthy habit,Madison Beer,locket,1769040270,2026-01-22 00:04:30,https://www.last.fm/music/Madison+Beer/_/healthy+habit
angel wings,Madison Beer,locket,1769040398,2026-01-22 00:06:38,https://www.last.fm/music/Madison+Beer/_/angel+wings
DANCE... - Edit,Slayyyter,DANCE...,1769040633,2026-01-22 00:10:33,https://www.last.fm/music/Slayyyter/_/DANCE...+-+Edit
up at night (feat. Justin Bieber),Kehlani,blue water road,1769046778,2026-01-22 01:52:58,https://www.last.fm/music/Kehlani/_/up+at+night+(feat.+Justin+Bieber)
altar,Kehlani,blue water road,1769046962,2026-01-22 01:56:02,https://www.last.fm/music/Kehlani/_/altar
Mosquito,PinkPantheress,Heaven knows,1769055322,2026-01-22 04:15:22,https://www.last.fm/music/PinkPantheress/_/Mosquito
Capable of love,PinkPantheress,Heaven knows,1769055449,2026-01-22 04:17:29,https://www.last.fm/music/PinkPantheress/_/Capable+of+love
Open Season,High Highs,Open Season,1769100308,2026-01-22 16:45:08,https://www.last.fm/music/High+Highs/_/Open+Season
HORSESHOE,Tate McRae,SO CLOSE TO WHAT??? (deluxe),1769101973,2026-01-22 17:12:53,https://www.last.fm/music/Tate+McRae/_/HORSESHOE
Wall of Sound,Charli xcx,Wall of Sound,1769102144,2026-01-22 17:15:44,https://www.last.fm/music/Charli+xcx/_/Wall+of+Sound
bad enough,Madison Beer,locket,1769102289,2026-01-22 17:18:09,https://www.last.fm/music/Madison+Beer/_/bad+enough
Chateau,Audrey Hobert,Who's the Clown?,1769102502,2026-01-22 17:21:42,https://www.last.fm/music/Audrey+Hobert/_/Chateau
False God,Taylor Swift,Lover,1769102709,2026-01-22 17:25:09,https://www.last.fm/music/Taylor+Swift/_/False+God
Means I care,Tate McRae,So Close to What,1769102899,2026-01-22 17:28:19,https://www.last.fm/music/Tate+McRae/_/Means+I+care
bad enough,Madison Beer,locket,1769102942,2026-01-22 17:29:02,https://www.last.fm/music/Madison+Beer/_/bad+enough
you're still everything,Madison Beer,locket,1769103076,2026-01-22 17:31:16,https://www.last.fm/music/Madison+Beer/_/you%27re+still+everything
Phoebe,Audrey Hobert,Who's the Clown?,1769103313,2026-01-22 17:35:13,https://www.last.fm/music/Audrey+Hobert/_/Phoebe
Pushing It Down and Praying,Lizzy McAlpine,Older (and Wiser),1769103539,2026-01-22 17:38:59,https://www.last.fm/music/Lizzy+McAlpine/_/Pushing+It+Down+and+Praying
No I'm not in love,Tate McRae,So Close to What,1769103764,2026-01-22 17:42:44,https://www.last.fm/music/Tate+McRae/_/No+I%27m+not+in+love
Sympathy is a knife,Charli xcx,BRAT,1769103926,2026-01-22 17:45:26,https://www.last.fm/music/Charli+xcx/_/Sympathy+is+a+knife
Been Like This,Doja Cat,Planet Her,1769104068,2026-01-22 17:47:48,https://www.last.fm/music/Doja+Cat/_/Been+Like+This
locket theme,Madison Beer,locket,1769104237,2026-01-22 17:50:37,https://www.last.fm/music/Madison+Beer/_/locket+theme
Shooting star,Audrey Hobert,Who's the Clown?,1769104317,2026-01-22 17:51:57,https://www.last.fm/music/Audrey+Hobert/_/Shooting+star
bloodonmyhands (feat. Flo Milli),Tate McRae,So Close to What,1769104486,2026-01-22 17:54:46,https://www.last.fm/music/Tate+McRae/_/bloodonmyhands+(feat.+Flo+Milli)
Dopamine,Robyn,Dopamine,1769105226,2026-01-22 18:07:06,https://www.last.fm/music/Robyn/_/Dopamine
Dancing On My Own - Radio Edit,Robyn,Body Talk,1769105431,2026-01-22 18:10:31,https://www.last.fm/music/Robyn/_/Dancing+On+My+Own+-+Radio+Edit
Hang with Me,Robyn,Body Talk,1769105700,2026-01-22 18:15:00,https://www.last.fm/music/Robyn/_/Hang+with+Me
The Fate of Ophelia,Taylor Swift,The Life of a Showgirl,1769105964,2026-01-22 18:19:24,https://www.last.fm/music/Taylor+Swift/_/The+Fate+of+Ophelia
Joshua Tree,Demi Lovato,It’s Not That Deep (Little Bit Extra Version),1769106185,2026-01-22 18:23:05,https://www.last.fm/music/Demi+Lovato/_/Joshua+Tree
Think Twice,Suki Waterhouse,Memoir of a Sparklemuffin,1769106395,2026-01-22 18:26:35,https://www.last.fm/music/Suki+Waterhouse/_/Think+Twice
All We Ever Do Is Talk,Del Water Gap,I Miss You Already + I Haven’t Left Yet,1769106579,2026-01-22 18:29:39,https://www.last.fm/music/Del+Water+Gap/_/All+We+Ever+Do+Is+Talk
Hello goodbye,Charli xcx,Brat and it’s the same but there’s three more songs so it’s not,1769106808,2026-01-22 18:33:28,https://www.last.fm/music/Charli+xcx/_/Hello+goodbye
Daylight,Harry Styles,Harry's House,1769107391,2026-01-22 18:43:11,https://www.last.fm/music/Harry+Styles/_/Daylight
Satellite,Harry Styles,Harry's House,1769107547,2026-01-22 18:45:47,https://www.last.fm/music/Harry+Styles/_/Satellite
Keep Driving,Harry Styles,Harry's House,1769107757,2026-01-22 18:49:17,https://www.last.fm/music/Harry+Styles/_/Keep+Driving
Cinema,Harry Styles,Harry's House,1769107889,2026-01-22 18:51:29,https://www.last.fm/music/Harry+Styles/_/Cinema
Grapejuice,Harry Styles,Harry's House,1769116380,2026-01-22 21:13:00,https://www.last.fm/music/Harry+Styles/_/Grapejuice
Wall of Sound,Charli xcx,Wall of Sound,1769116564,2026-01-22 21:16:04,https://www.last.fm/music/Charli+xcx/_/Wall+of+Sound
Chains of Love,Charli xcx,Chains of Love,1769116699,2026-01-22 21:18:19,https://www.last.fm/music/Charli+xcx/_/Chains+of+Love
Fine Line,Harry Styles,Fine Line,1769116861,2026-01-22 21:21:01,https://www.last.fm/music/Harry+Styles/_/Fine+Line
From the Dining Table,Harry Styles,Harry Styles,1769117230,2026-01-22 21:27:10,https://www.last.fm/music/Harry+Styles/_/From+the+Dining+Table
Ever Since New York,Harry Styles,Harry Styles,1769117434,2026-01-22 21:30:34,https://www.last.fm/music/Harry+Styles/_/Ever+Since+New+York
Two Ghosts,Harry Styles,Harry Styles,1769117678,2026-01-22 21:34:38,https://www.last.fm/music/Harry+Styles/_/Two+Ghosts
List of People (to Try and Forget About),Tame Impala,Currents B-Sides & Remixes,1769117888,2026-01-22 21:38:08,https://www.last.fm/music/Tame+Impala/_/List+of+People+(to+Try+and+Forget+About)
angel wings,Madison Beer,locket,1769118159,2026-01-22 21:42:39,https://www.last.fm/music/Madison+Beer/_/angel+wings
complexity,Madison Beer,locket,1769118395,2026-01-22 21:46:35,https://www.last.fm/music/Madison+Beer/_/complexity
DANCE...,Slayyyter,DANCE...,1769118577,2026-01-22 21:49:37,https://www.last.fm/music/Slayyyter/_/DANCE...
Wall of Sound,Charli xcx,Wall of Sound,1769118855,2026-01-22 21:54:15,https://www.last.fm/music/Charli+xcx/_/Wall+of+Sound
As It Was,Harry Styles,Harry's House,1769119009,2026-01-22 21:56:49,https://www.last.fm/music/Harry+Styles/_/As+It+Was
Golden,Harry Styles,Fine Line,1769119170,2026-01-22 21:59:30,https://www.last.fm/music/Harry+Styles/_/Golden
Lights Up,Harry Styles,Fine Line,1769119420,2026-01-22 22:03:40,https://www.last.fm/music/Harry+Styles/_/Lights+Up
To Be So Lonely,Harry Styles,Fine Line,1769119583,2026-01-22 22:06:23,https://www.last.fm/music/Harry+Styles/_/To+Be+So+Lonely
Basic Being Basic,Djo,The Crux,1769119767,2026-01-22 22:09:27,https://www.last.fm/music/Djo/_/Basic+Being+Basic
Parachute,Hayley Williams,Ego Death At A Bachelorette Party,1769119916,2026-01-22 22:11:56,https://www.last.fm/music/Hayley+Williams/_/Parachute
Capable of love,PinkPantheress,Heaven knows,1769120128,2026-01-22 22:15:28,https://www.last.fm/music/PinkPantheress/_/Capable+of+love
Lonesome Is a State of Mind,Djo,The Crux Deluxe,1769120343,2026-01-22 22:19:03,https://www.last.fm/music/Djo/_/Lonesome+Is+a+State+of+Mind
"girl, get up. (Feat. SZA)",Doechii,"girl, get up. (feat. SZA)",1769120889,2026-01-22 22:28:09,"https://www.last.fm/music/Doechii/_/girl,+get+up.+(Feat.+SZA)"
Here All Night,Demi Lovato,It’s Not That Deep (Little Bit Extra Version),1769121069,2026-01-22 22:31:09,https://www.last.fm/music/Demi+Lovato/_/Here+All+Night
Pretty Girls,Reneé Rapp,Snow Angel,1769121254,2026-01-22 22:34:14,https://www.last.fm/music/Rene%C3%A9+Rapp/_/Pretty+Girls
"Oh, What a World",Kacey Musgraves,Golden Hour,1769121391,2026-01-22 22:36:31,"https://www.last.fm/music/Kacey+Musgraves/_/Oh,+What+a+World"
Love Is a Wild Thing,Kacey Musgraves,Golden Hour,1769121624,2026-01-22 22:40:24,https://www.last.fm/music/Kacey+Musgraves/_/Love+Is+a+Wild+Thing
Aperture,Harry Styles,Aperture,1769126970,2026-01-23 00:09:30,https://www.last.fm/music/Harry+Styles/_/Aperture
Somebody Else,The 1975,"I like it when you sleep, for you are so beautiful yet so unaware of it",1769127272,2026-01-23 00:14:32,https://www.last.fm/music/The+1975/_/Somebody+Else
Aperture,Harry Styles,Aperture,1769127757,2026-01-23 00:22:37,https://www.last.fm/music/Harry+Styles/_/Aperture
Adore You,Harry Styles,Fine Line,1769128060,2026-01-23 00:27:40,https://www.last.fm/music/Harry+Styles/_/Adore+You
Moth to a Flame (with The Weeknd),Swedish House Mafia,Paradise Again,1769130263,2026-01-23 01:04:23,https://www.last.fm/music/Swedish+House+Mafia/_/Moth+to+a+Flame+(with+The+Weeknd)
up at night (feat. Justin Bieber),Kehlani,blue water road,1769130488,2026-01-23 01:08:08,https://www.last.fm/music/Kehlani/_/up+at+night+(feat.+Justin+Bieber)
up at night (feat. Justin Bieber),Kehlani,blue water road,1769130588,2026-01-23 01:09:48,https://www.last.fm/music/Kehlani/_/up+at+night+(feat.+Justin+Bieber)
up at night (feat. Justin Bieber),Kehlani,blue water road,1769130715,2026-01-23 01:11:55,https://www.last.fm/music/Kehlani/_/up+at+night+(feat.+Justin+Bieber)
up at night (feat. Justin Bieber),Kehlani,blue water road,1769130826,2026-01-23 01:13:46,https://www.last.fm/music/Kehlani/_/up+at+night+(feat.+Justin+Bieber)
up at night (feat. Justin Bieber),Kehlani,blue water road,1769130936,2026-01-23 01:15:36,https://www.last.fm/music/Kehlani/_/up+at+night+(feat.+Justin+Bieber)
What I Like,Charli xcx,True Romance,1769131134,2026-01-23 01:18:54,https://www.last.fm/music/Charli+xcx/_/What+I+Like
angel wings,Madison Beer,locket,1769131307,2026-01-23 01:21:47,https://www.last.fm/music/Madison+Beer/_/angel+wings
complexity,Madison Beer,locket,1769131543,2026-01-23 01:25:43,https://www.last.fm/music/Madison+Beer/_/complexity
Robbers,The 1975,The 1975 (Deluxe Version),1769131706,2026-01-23 01:28:26,https://www.last.fm/music/The+1975/_/Robbers
Softcore,The Neighbourhood,Hard to Imagine the Neighbourhood Ever Changing,1769132727,2026-01-23 01:45:27,https://www.last.fm/music/The+Neighbourhood/_/Softcore
Love It If We Made It,The 1975,A Brief Inquiry Into Online Relationships,1769132924,2026-01-23 01:48:44,https://www.last.fm/music/The+1975/_/Love+It+If+We+Made+It
Adventure of a Lifetime,Coldplay,A Head Full of Dreams,1769133176,2026-01-23 01:52:56,https://www.last.fm/music/Coldplay/_/Adventure+of+a+Lifetime
complexity,Madison Beer,locket,1769144749,2026-01-23 05:05:49,https://www.last.fm/music/Madison+Beer/_/complexity
bad enough,Madison Beer,locket,1769182291,2026-01-23 15:31:31,https://www.last.fm/music/Madison+Beer/_/bad+enough
Aperture,Harry Styles,Aperture,1769182292,2026-01-23 15:31:32,https://www.last.fm/music/Harry+Styles/_/Aperture
Yes I'm Changing,Tame Impala,Currents,1769182580,2026-01-23 15:36:20,https://www.last.fm/music/Tame+Impala/_/Yes+I%27m+Changing
Real Life,The Marías,Submarine,1769182856,2026-01-23 15:40:56,https://www.last.fm/music/The+Mar%C3%ADas/_/Real+Life
Piece Of Heaven,Tame Impala,Deadbeat,1769183082,2026-01-23 15:44:42,https://www.last.fm/music/Tame+Impala/_/Piece+Of+Heaven
Paranoia,The Marías,Submarine,1769183357,2026-01-23 15:49:17,https://www.last.fm/music/The+Mar%C3%ADas/_/Paranoia
4EVER,Clairo,4EVER,1769184653,2026-01-23 16:10:53,https://www.last.fm/music/Clairo/_/4EVER
affection,Between Friends,we just need some time together,1769184813,2026-01-23 16:13:33,https://www.last.fm/music/Between+Friends/_/affection
Juna,Clairo,Charm,1769185050,2026-01-23 16:17:30,https://www.last.fm/music/Clairo/_/Juna
Frequency,Demi Lovato,It’s Not That Deep (Little Bit Extra Version),1769185269,2026-01-23 16:21:09,https://www.last.fm/music/Demi+Lovato/_/Frequency
FinallyApologizing,ADÉLA,The Provocateur,1769185423,2026-01-23 16:23:43,https://www.last.fm/music/AD%C3%89LA/_/FinallyApologizing
DANCE...,Slayyyter,DANCE...,1769185556,2026-01-23 16:25:56,https://www.last.fm/music/Slayyyter/_/DANCE...
Trophy,Charli xcx,Vroom Vroom EP,1769185834,2026-01-23 16:30:34,https://www.last.fm/music/Charli+xcx/_/Trophy
2 On (feat. Schoolboy Q),Tinashe,Aquarius,1769186518,2026-01-23 16:41:58,https://www.last.fm/music/Tinashe/_/2+On+(feat.+Schoolboy+Q)
Aperture,Harry Styles,Aperture,1769191976,2026-01-23 18:12:56,https://www.last.fm/music/Harry+Styles/_/Aperture
Cinnamon Girl,Lana Del Rey,Norman Fucking Rockwell!,1769192291,2026-01-23 18:18:11,https://www.last.fm/music/Lana+Del+Rey/_/Cinnamon+Girl
Hammer,Lorde,Virgin,1769194336,2026-01-23 18:52:16,https://www.last.fm/music/Lorde/_/Hammer
Wi$h Li$t,Taylor Swift,The Life of a Showgirl,1769194537,2026-01-23 18:55:37,https://www.last.fm/music/Taylor+Swift/_/Wi$h+Li$t
What I Like,Charli xcx,True Romance,1769194746,2026-01-23 18:59:06,https://www.last.fm/music/Charli+xcx/_/What+I+Like
Nuclear Seasons,Charli xcx,True Romance,1769194918,2026-01-23 19:01:58,https://www.last.fm/music/Charli+xcx/_/Nuclear+Seasons
Grins,Charli xcx,True Romance,1769195191,2026-01-23 19:06:31,https://www.last.fm/music/Charli+xcx/_/Grins
List of People (to Try and Forget About),Tame Impala,Currents B-Sides & Remixes,1769195335,2026-01-23 19:08:55,https://www.last.fm/music/Tame+Impala/_/List+of+People+(to+Try+and+Forget+About)
"girl, get up. (Feat. SZA)",Doechii,"girl, get up. (feat. SZA)",1769195609,2026-01-23 19:13:29,"https://www.last.fm/music/Doechii/_/girl,+get+up.+(Feat.+SZA)"
Aperture,Harry Styles,Aperture,1769195856,2026-01-23 19:17:36,https://www.last.fm/music/Harry+Styles/_/Aperture
Wall of Sound,Charli xcx,Wall of Sound,1769198281,2026-01-23 19:58:01,https://www.last.fm/music/Charli+xcx/_/Wall+of+Sound
angel wings,Madison Beer,locket,1769198416,2026-01-23 20:00:16,https://www.last.fm/music/Madison+Beer/_/angel+wings
bad enough,Madison Beer,locket,1769198651,2026-01-23 20:04:11,https://www.last.fm/music/Madison+Beer/_/bad+enough
healthy habit,Madison Beer,locket,1769204643,2026-01-23 21:44:03,https://www.last.fm/music/Madison+Beer/_/healthy+habit
High Fashion,Addison Rae,Addison,1769204717,2026-01-23 21:45:17,https://www.last.fm/music/Addison+Rae/_/High+Fashion
High On Heaven,Nessa Barrett,High on Heaven,1769204906,2026-01-23 21:48:26,https://www.last.fm/music/Nessa+Barrett/_/High+On+Heaven
complexity,Madison Beer,locket,1769205097,2026-01-23 21:51:37,https://www.last.fm/music/Madison+Beer/_/complexity
Lucifer,A. G. Cook,Britpop,1769205246,2026-01-23 21:54:06,https://www.last.fm/music/A.+G.+Cook/_/Lucifer
baby pink (feat. Eem Triplin),Camila Cabello,"C,XOXO (Magic City Edition)",1769206470,2026-01-23 22:14:30,https://www.last.fm/music/Camila+Cabello/_/baby+pink+(feat.+Eem+Triplin)
So Happy I Could Die,Lady Gaga,The Fame Monster (Deluxe Edition),1769206715,2026-01-23 22:18:35,https://www.last.fm/music/Lady+Gaga/_/So+Happy+I+Could+Die
Nothing On (But The Radio),Addison Rae,AR,1769206940,2026-01-23 22:22:20,https://www.last.fm/music/Addison+Rae/_/Nothing+On+(But+The+Radio)
In the Rain,Addison Rae,Addison,1769207093,2026-01-23 22:24:53,https://www.last.fm/music/Addison+Rae/_/In+the+Rain
past life,Ariana Grande,eternal sunshine deluxe: brighter days ahead (a cappella version),1769207297,2026-01-23 22:28:17,https://www.last.fm/music/Ariana+Grande/_/past+life
B2b featuring tinashe,Charli xcx,Brat and it’s completely different but also still brat,1769207504,2026-01-23 22:31:44,https://www.last.fm/music/Charli+xcx/_/B2b+featuring+tinashe
No Better,Lorde,No Better,1769207681,2026-01-23 22:34:41,https://www.last.fm/music/Lorde/_/No+Better
Headphones On,Addison Rae,Addison,1769207842,2026-01-23 22:37:22,https://www.last.fm/music/Addison+Rae/_/Headphones+On
Tears (feat. Caroline Polachek),Charli xcx,Pop 2,1769208088,2026-01-23 22:41:28,https://www.last.fm/music/Charli+xcx/_/Tears+(feat.+Caroline+Polachek)
Sympathy is a knife,Charli xcx,BRAT,1769208352,2026-01-23 22:45:52,https://www.last.fm/music/Charli+xcx/_/Sympathy+is+a+knife
HORSESHOE,Tate McRae,SO CLOSE TO WHAT??? (deluxe),1769208494,2026-01-23 22:48:14,https://www.last.fm/music/Tate+McRae/_/HORSESHOE
This Is What Makes Us Girls,Lana Del Rey,Born to Die – Paradise Edition (Special Version),1769209634,2026-01-23 23:07:14,https://www.last.fm/music/Lana+Del+Rey/_/This+Is+What+Makes+Us+Girls
Fame Is a Gun,Addison Rae,Addison,1769210010,2026-01-23 23:13:30,https://www.last.fm/music/Addison+Rae/_/Fame+Is+a+Gun
Keep It Simple,Tove Lo,Lady Wood,1769210184,2026-01-23 23:16:24,https://www.last.fm/music/Tove+Lo/_/Keep+It+Simple
Touch of My Hand,Britney Spears,In the Zone,1769210406,2026-01-23 23:20:06,https://www.last.fm/music/Britney+Spears/_/Touch+of+My+Hand
Break the Ice,Britney Spears,Blackout,1769210657,2026-01-23 23:24:17,https://www.last.fm/music/Britney+Spears/_/Break+the+Ice
up in this (with Tinashe),blackbear,cybersex,1769210887,2026-01-23 23:28:07,https://www.last.fm/music/blackbear/_/up+in+this+(with+Tinashe)
Don’t Smile,Sabrina Carpenter,Short n' Sweet,1769211090,2026-01-23 23:31:30,https://www.last.fm/music/Sabrina+Carpenter/_/Don%E2%80%99t+Smile
up in this (with Tinashe),blackbear,cybersex,1769211091,2026-01-23 23:31:31,https://www.last.fm/music/blackbear/_/up+in+this+(with+Tinashe)
Don’t Smile,Sabrina Carpenter,Short n' Sweet,1769211295,2026-01-23 23:34:55,https://www.last.fm/music/Sabrina+Carpenter/_/Don%E2%80%99t+Smile
Girl's Girl,Zara Larsson,Midnight Sun,1769211309,2026-01-23 23:35:09,https://www.last.fm/music/Zara+Larsson/_/Girl%27s+Girl
Current Affairs,Lorde,Virgin,1769211477,2026-01-23 23:37:57,https://www.last.fm/music/Lorde/_/Current+Affairs
Let me go OH OH,Tove Lo,HEAT,1769211667,2026-01-23 23:41:07,https://www.last.fm/music/Tove+Lo/_/Let+me+go+OH+OH
Times Like These,Addison Rae,Addison,1769211897,2026-01-23 23:44:57,https://www.last.fm/music/Addison+Rae/_/Times+Like+These
PINS AND NEEDLES,Nessa Barrett,AFTERCARE,1769212134,2026-01-23 23:48:54,https://www.last.fm/music/Nessa+Barrett/_/PINS+AND+NEEDLES
2 Die 4 (feat. Charli XCX),Addison Rae,AR,1769212436,2026-01-23 23:53:56,https://www.last.fm/music/Addison+Rae/_/2+Die+4+(feat.+Charli+XCX)
warm,Ariana Grande,eternal sunshine deluxe: brighter days ahead (a cappella version),1769212553,2026-01-23 23:55:53,https://www.last.fm/music/Ariana+Grande/_/warm
B2b,Charli xcx,BRAT,1769212767,2026-01-23 23:59:27,https://www.last.fm/music/Charli+xcx/_/B2b
Shapeshifter,Lorde,Virgin,1769212936,2026-01-24 00:02:16,https://www.last.fm/music/Lorde/_/Shapeshifter
Garden of Eden,Lady Gaga,MAYHEM,1769213184,2026-01-24 00:06:24,https://www.last.fm/music/Lady+Gaga/_/Garden+of+Eden
Don't Delete the Kisses,Wolf Alice,Visions of a Life,1769236019,2026-01-24 06:26:59,https://www.last.fm/music/Wolf+Alice/_/Don%27t+Delete+the+Kisses
Eldest Daughter,Taylor Swift,The Life of a Showgirl,1769265489,2026-01-24 14:38:09,https://www.last.fm/music/Taylor+Swift/_/Eldest+Daughter
High Horse,Kacey Musgraves,Golden Hour,1769268088,2026-01-24 15:21:28,https://www.last.fm/music/Kacey+Musgraves/_/High+Horse
Aperture,Harry Styles,Aperture,1769268095,2026-01-24 15:21:35,https://www.last.fm/music/Harry+Styles/_/Aperture
Here All Night,Demi Lovato,It’s Not That Deep (Little Bit Extra Version),1769268397,2026-01-24 15:26:37,https://www.last.fm/music/Demi+Lovato/_/Here+All+Night
Joshua Tree,Demi Lovato,It’s Not That Deep (Little Bit Extra Version),1769268566,2026-01-24 15:29:26,https://www.last.fm/music/Demi+Lovato/_/Joshua+Tree
complexity,Madison Beer,locket,1769268760,2026-01-24 15:32:40,https://www.last.fm/music/Madison+Beer/_/complexity
Stateside + Zara Larsson,PinkPantheress,Fancy Some More?,1769268909,2026-01-24 15:35:09,https://www.last.fm/music/PinkPantheress/_/Stateside+%252B+Zara+Larsson
Midnight Sun,Zara Larsson,Midnight Sun,1769269085,2026-01-24 15:38:05,https://www.last.fm/music/Zara+Larsson/_/Midnight+Sun
Adore You,Harry Styles,Fine Line,1769269266,2026-01-24 15:41:06,https://www.last.fm/music/Harry+Styles/_/Adore+You
Busy Woman,Sabrina Carpenter,Short n' Sweet (Deluxe),1769269465,2026-01-24 15:44:25,https://www.last.fm/music/Sabrina+Carpenter/_/Busy+Woman
Borderline,Tame Impala,The Slow Rush,1769269671,2026-01-24 15:47:51,https://www.last.fm/music/Tame+Impala/_/Borderline
Moth to a Flame (with The Weeknd),Swedish House Mafia,Paradise Again,1769269906,2026-01-24 15:51:46,https://www.last.fm/music/Swedish+House+Mafia/_/Moth+to+a+Flame+(with+The+Weeknd)
Softcore,The Neighbourhood,Hard to Imagine the Neighbourhood Ever Changing,1769270153,2026-01-24 15:55:53,https://www.last.fm/music/The+Neighbourhood/_/Softcore
Take Me to Church,Hozier,Hozier (Expanded Edition),1769270349,2026-01-24 15:59:09,https://www.last.fm/music/Hozier/_/Take+Me+to+Church
Lights Up,Harry Styles,Fine Line,1769278394,2026-01-24 18:13:14,https://www.last.fm/music/Harry+Styles/_/Lights+Up
Don't Start Now,Dua Lipa,Future Nostalgia,1769278575,2026-01-24 18:16:15,https://www.last.fm/music/Dua+Lipa/_/Don%27t+Start+Now
Grapejuice,Harry Styles,Harry's House,1769278759,2026-01-24 18:19:19,https://www.last.fm/music/Harry+Styles/_/Grapejuice
Cry Baby,The Neighbourhood,Wiped Out!,1769278949,2026-01-24 18:22:29,https://www.last.fm/music/The+Neighbourhood/_/Cry+Baby
Whatcha Doing,Dua Lipa,Radical Optimism,1769279174,2026-01-24 18:26:14,https://www.last.fm/music/Dua+Lipa/_/Whatcha+Doing
Garden of Eden,Lady Gaga,MAYHEM,1769279364,2026-01-24 18:29:24,https://www.last.fm/music/Lady+Gaga/_/Garden+of+Eden
Whatcha Doing,Dua Lipa,Radical Optimism,1769279374,2026-01-24 18:29:34,https://www.last.fm/music/Dua+Lipa/_/Whatcha+Doing
Hot & Sexy,Zara Larsson,Midnight Sun,1769279595,2026-01-24 18:33:15,https://www.last.fm/music/Zara+Larsson/_/Hot+&+Sexy
Gimme More,Britney Spears,Blackout,1769279776,2026-01-24 18:36:16,https://www.last.fm/music/Britney+Spears/_/Gimme+More
Hot & Sexy,Zara Larsson,Midnight Sun,1769279786,2026-01-24 18:36:26,https://www.last.fm/music/Zara+Larsson/_/Hot+&+Sexy
Gimme More,Britney Spears,Blackout,1769280029,2026-01-24 18:40:29,https://www.last.fm/music/Britney+Spears/_/Gimme+More
Born to Die,Lana Del Rey,Born to Die – Paradise Edition (Special Version),1769280054,2026-01-24 18:40:54,https://www.last.fm/music/Lana+Del+Rey/_/Born+to+Die
DANCE...,Slayyyter,DANCE...,1769280343,2026-01-24 18:45:43,https://www.last.fm/music/Slayyyter/_/DANCE...
Green Light,Lorde,Melodrama,1769280648,2026-01-24 18:50:48,https://www.last.fm/music/Lorde/_/Green+Light
The Beach,The Neighbourhood,Wiped Out!,1769291523,2026-01-24 21:52:03,https://www.last.fm/music/The+Neighbourhood/_/The+Beach
Pretty Ugly,Zara Larsson,Midnight Sun,1769297329,2026-01-24 23:28:49,https://www.last.fm/music/Zara+Larsson/_/Pretty+Ugly
Stateside + Zara Larsson,PinkPantheress,Fancy Some More?,1769310281,2026-01-25 03:04:41,https://www.last.fm/music/PinkPantheress/_/Stateside+%252B+Zara+Larsson
High Fashion,Addison Rae,Addison,1769310468,2026-01-25 03:07:48,https://www.last.fm/music/Addison+Rae/_/High+Fashion
DANCE...,Slayyyter,DANCE...,1769310669,2026-01-25 03:11:09,https://www.last.fm/music/Slayyyter/_/DANCE...
Vroom Vroom,Charli xcx,Vroom Vroom EP,1769314655,2026-01-25 04:17:35,https://www.last.fm/music/Charli+xcx/_/Vroom+Vroom
Stateside + Zara Larsson,PinkPantheress,Fancy Some More?,1769372732,2026-01-25 20:25:32,https://www.last.fm/music/PinkPantheress/_/Stateside+%252B+Zara+Larsson
angel wings,Madison Beer,locket,1769380157,2026-01-25 22:29:17,https://www.last.fm/music/Madison+Beer/_/angel+wings
DANCE...,Slayyyter,DANCE...,1769384606,2026-01-25 23:43:26,https://www.last.fm/music/Slayyyter/_/DANCE...
Sorry To Myself,Demi Lovato,It’s Not That Deep (Little Bit Extra Version),1769384614,2026-01-25 23:43:34,https://www.last.fm/music/Demi+Lovato/_/Sorry+To+Myself
Say It,Demi Lovato,It’s Not That Deep (Little Bit Extra Version),1769384810,2026-01-25 23:46:50,https://www.last.fm/music/Demi+Lovato/_/Say+It
nothing at all,Madison Beer,locket,1769384951,2026-01-25 23:49:11,https://www.last.fm/music/Madison+Beer/_/nothing+at+all
complexity,Madison Beer,locket,1769385200,2026-01-25 23:53:20,https://www.last.fm/music/Madison+Beer/_/complexity
healthy habit,Madison Beer,locket,1769385347,2026-01-25 23:55:47,https://www.last.fm/music/Madison+Beer/_/healthy+habit
HORSESHOE,Tate McRae,SO CLOSE TO WHAT??? (deluxe),1769385468,2026-01-25 23:57:48,https://www.last.fm/music/Tate+McRae/_/HORSESHOE
Mosquito,PinkPantheress,Heaven knows,1769385639,2026-01-26 00:00:39,https://www.last.fm/music/PinkPantheress/_/Mosquito
List of People (to Try and Forget About),Tame Impala,Currents B-Sides & Remixes,1769385776,2026-01-26 00:02:56,https://www.last.fm/music/Tame+Impala/_/List+of+People+(to+Try+and+Forget+About)
High On Heaven,Nessa Barrett,High on Heaven,1769386048,2026-01-26 00:07:28,https://www.last.fm/music/Nessa+Barrett/_/High+On+Heaven
Joshua Tree,Demi Lovato,It’s Not That Deep (Little Bit Extra Version),1769386239,2026-01-26 00:10:39,https://www.last.fm/music/Demi+Lovato/_/Joshua+Tree
TIT FOR TAT,Tate McRae,SO CLOSE TO WHAT??? (deluxe),1769386433,2026-01-26 00:13:53,https://www.last.fm/music/Tate+McRae/_/TIT+FOR+TAT
Signs,Tate McRae,SO CLOSE TO WHAT??? (deluxe),1769386629,2026-01-26 00:17:09,https://www.last.fm/music/Tate+McRae/_/Signs
forever,Charli xcx,how i'm feeling now,1769386793,2026-01-26 00:19:53,https://www.last.fm/music/Charli+xcx/_/forever
Research,Big Sean,Dark Sky Paradise (Deluxe),1769387028,2026-01-26 00:23:48,https://www.last.fm/music/Big+Sean/_/Research
All the Time,Zara Larsson,All The Time,1769387250,2026-01-26 00:27:30,https://www.last.fm/music/Zara+Larsson/_/All+the+Time
Blue Moon,Zara Larsson,Midnight Sun,1769387469,2026-01-26 00:31:09,https://www.last.fm/music/Zara+Larsson/_/Blue+Moon
I know love (feat. The Kid LAROI),Tate McRae,SO CLOSE TO WHAT??? (deluxe),1769387643,2026-01-26 00:34:03,https://www.last.fm/music/Tate+McRae/_/I+know+love+(feat.+The+Kid+LAROI)
Like I do,Tate McRae,SO CLOSE TO WHAT??? (deluxe),1769391257,2026-01-26 01:34:17,https://www.last.fm/music/Tate+McRae/_/Like+I+do
Private,The Neighbourhood,Private,1769391431,2026-01-26 01:37:11,https://www.last.fm/music/The+Neighbourhood/_/Private
Obsolete,Tame Impala,Deadbeat,1769391652,2026-01-26 01:40:52,https://www.last.fm/music/Tame+Impala/_/Obsolete
It's ok I'm ok,Tate McRae,SO CLOSE TO WHAT??? (deluxe),1769391907,2026-01-26 01:45:07,https://www.last.fm/music/Tate+McRae/_/It%27s+ok+I%27m+ok
No I'm not in love,Tate McRae,SO CLOSE TO WHAT??? (deluxe),1769403844,2026-01-26 05:04:04,https://www.last.fm/music/Tate+McRae/_/No+I%27m+not+in+love
Aperture,Harry Styles,Aperture,1769444250,2026-01-26 16:17:30,https://www.last.fm/music/Harry+Styles/_/Aperture
"Big Guy - from ""The SpongeBob Movie: Search for SquarePants”",Ice Spice,"Big Guy (from ""The SpongeBob Movie: Search for SquarePants”)",1769444466,2026-01-26 16:21:06,https://www.last.fm/music/Ice+Spice/_/Big+Guy+-+from+%22The+SpongeBob+Movie:+Search+for+SquarePants%E2%80%9D
Stateside + Zara Larsson,PinkPantheress,Fancy Some More?,1769444552,2026-01-26 16:22:32,https://www.last.fm/music/PinkPantheress/_/Stateside+%252B+Zara+Larsson
Company,Justin Bieber,Purpose (Deluxe),1769444737,2026-01-26 16:25:37,https://www.last.fm/music/Justin+Bieber/_/Company
Lush Life,Zara Larsson,So Good,1769444937,2026-01-26 16:28:57,https://www.last.fm/music/Zara+Larsson/_/Lush+Life
Grapejuice,Harry Styles,Harry's House,1769445129,2026-01-26 16:32:09,https://www.last.fm/music/Harry+Styles/_/Grapejuice
NOBODY'S GIRL,Tate McRae,SO CLOSE TO WHAT??? (deluxe),1769445312,2026-01-26 16:35:12,https://www.last.fm/music/Tate+McRae/_/NOBODY%27S+GIRL
Cherry Flavoured,The Neighbourhood,Chip Chrome & The Mono-Tones,1769445472,2026-01-26 16:37:52,https://www.last.fm/music/The+Neighbourhood/_/Cherry+Flavoured
Favourite Daughter,Lorde,Virgin,1769445672,2026-01-26 16:41:12,https://www.last.fm/music/Lorde/_/Favourite+Daughter
pretty isn’t pretty,Olivia Rodrigo,GUTS,1769445872,2026-01-26 16:44:32,https://www.last.fm/music/Olivia+Rodrigo/_/pretty+isn%E2%80%99t+pretty
Golden,Harry Styles,Fine Line,1769446067,2026-01-26 16:47:47,https://www.last.fm/music/Harry+Styles/_/Golden
Just Keep Watching (From F1® The Movie),Tate McRae,Just Keep Watching (From F1® The Movie),1769446313,2026-01-26 16:51:53,https://www.last.fm/music/Tate+McRae/_/Just+Keep+Watching+(From+F1%C2%AE+The+Movie)
My My My!,Troye Sivan,Bloom,1769446462,2026-01-26 16:54:22,https://www.last.fm/music/Troye+Sivan/_/My+My+My!
Is It True,Tame Impala,The Slow Rush,1769446683,2026-01-26 16:58:03,https://www.last.fm/music/Tame+Impala/_/Is+It+True
Adore You,Harry Styles,Fine Line,1769446913,2026-01-26 17:01:53,https://www.last.fm/music/Harry+Styles/_/Adore+You
Latch (feat. Sam Smith),Disclosure,Settle (Special Edition),1769447111,2026-01-26 17:05:11,https://www.last.fm/music/Disclosure/_/Latch+(feat.+Sam+Smith)
TRYING ON SHOES,Tate McRae,SO CLOSE TO WHAT??? (deluxe),1769447358,2026-01-26 17:09:18,https://www.last.fm/music/Tate+McRae/_/TRYING+ON+SHOES
Fame Is a Gun,Addison Rae,Addison,1769447531,2026-01-26 17:12:11,https://www.last.fm/music/Addison+Rae/_/Fame+Is+a+Gun
Sweet Relief,Madison Beer,Silence Between Songs,1769447706,2026-01-26 17:15:06,https://www.last.fm/music/Madison+Beer/_/Sweet+Relief
Void,The Neighbourhood,Hard to Imagine the Neighbourhood Ever Changing,1769450866,2026-01-26 18:07:46,https://www.last.fm/music/The+Neighbourhood/_/Void
Chanel No.5,Camila Cabello,"C,XOXO (Magic City Edition)",1769451242,2026-01-26 18:14:02,https://www.last.fm/music/Camila+Cabello/_/Chanel+No.5
Dade County Dreaming (feat. JT & Yung Miami),Camila Cabello,"C,XOXO (Magic City Edition)",1769451394,2026-01-26 18:16:34,https://www.last.fm/music/Camila+Cabello/_/Dade+County+Dreaming+(feat.+JT+&+Yung+Miami)
baby pink (feat. Eem Triplin),Camila Cabello,"C,XOXO (Magic City Edition)",1769451545,2026-01-26 18:19:05,https://www.last.fm/music/Camila+Cabello/_/baby+pink+(feat.+Eem+Triplin)
pink xoxo,Camila Cabello,"C,XOXO (Magic City Edition)",1769451767,2026-01-26 18:22:47,https://www.last.fm/music/Camila+Cabello/_/pink+xoxo
pretty when i cry,Camila Cabello,"C,XOXO (Magic City Edition)",1769451826,2026-01-26 18:23:46,https://www.last.fm/music/Camila+Cabello/_/pretty+when+i+cry
HE KNOWS (feat. Lil Nas X),Camila Cabello,"C,XOXO (Magic City Edition)",1769451970,2026-01-26 18:26:10,https://www.last.fm/music/Camila+Cabello/_/HE+KNOWS+(feat.+Lil+Nas+X)
Crush,Zara Larsson,Crush,1769452144,2026-01-26 18:29:04,https://www.last.fm/music/Zara+Larsson/_/Crush
Crush,Ethel Cain,Inbred,1769452312,2026-01-26 18:31:52,https://www.last.fm/music/Ethel+Cain/_/Crush
Cinema,Harry Styles,Harry's House,1769452508,2026-01-26 18:35:08,https://www.last.fm/music/Harry+Styles/_/Cinema
Delete Ya,Djo,The Crux,1769452743,2026-01-26 18:39:03,https://www.last.fm/music/Djo/_/Delete+Ya
Midnight Sun,Zara Larsson,Midnight Sun,1769452938,2026-01-26 18:42:18,https://www.last.fm/music/Zara+Larsson/_/Midnight+Sun
make you mine,Madison Beer,locket,1769453185,2026-01-26 18:46:25,https://www.last.fm/music/Madison+Beer/_/make+you+mine
Company,Justin Bieber,Purpose (Deluxe),1769457280,2026-01-26 19:54:40,https://www.last.fm/music/Justin+Bieber/_/Company
Compass,The Neighbourhood,Hard to Imagine the Neighbourhood Ever Changing,1769457286,2026-01-26 19:54:46,https://www.last.fm/music/The+Neighbourhood/_/Compass
High Fashion,Addison Rae,Addison,1769457496,2026-01-26 19:58:16,https://www.last.fm/music/Addison+Rae/_/High+Fashion
2 Die 4 (feat. Charli XCX),Addison Rae,AR,1769457685,2026-01-26 20:01:25,https://www.last.fm/music/Addison+Rae/_/2+Die+4+(feat.+Charli+XCX)
Nothing On (But The Radio),Addison Rae,AR,1769457811,2026-01-26 20:03:31,https://www.last.fm/music/Addison+Rae/_/Nothing+On+(But+The+Radio)
Aquamarine / Arcamarine,Addison Rae,Aquamarine / Arcamarine,1769457952,2026-01-26 20:05:52,https://www.last.fm/music/Addison+Rae/_/Aquamarine+%2F+Arcamarine
Obsessed,Addison Rae,Obsessed,1769458089,2026-01-26 20:08:09,https://www.last.fm/music/Addison+Rae/_/Obsessed
Lucifer,A. G. Cook,Britpop,1769458225,2026-01-26 20:10:25,https://www.last.fm/music/A.+G.+Cook/_/Lucifer
In the Rain,Addison Rae,Addison,1769458414,2026-01-26 20:13:34,https://www.last.fm/music/Addison+Rae/_/In+the+Rain
complexity,Madison Beer,locket,1769458619,2026-01-26 20:16:59,https://www.last.fm/music/Madison+Beer/_/complexity
Easy,Troye Sivan,In a Dream,1769458789,2026-01-26 20:19:49,https://www.last.fm/music/Troye+Sivan/_/Easy
Headphones On,Addison Rae,Addison,1769459022,2026-01-26 20:23:42,https://www.last.fm/music/Addison+Rae/_/Headphones+On
Beg for You (feat. Rina Sawayama),Charli xcx,CRASH,1769459253,2026-01-26 20:27:33,https://www.last.fm/music/Charli+xcx/_/Beg+for+You+(feat.+Rina+Sawayama)
Just for Me,PinkPantheress,to hell with it,1769459412,2026-01-26 20:30:12,https://www.last.fm/music/PinkPantheress/_/Just+for+Me
Perfect Places,Lorde,Melodrama,1769459520,2026-01-26 20:32:00,https://www.last.fm/music/Lorde/_/Perfect+Places
IN A DREAM,Troye Sivan,In a Dream,1769459733,2026-01-26 20:35:33,https://www.last.fm/music/Troye+Sivan/_/IN+A+DREAM
3 Strikes,Terror Jr,Bop City,1769459954,2026-01-26 20:39:14,https://www.last.fm/music/Terror+Jr/_/3+Strikes
it could’ve been u,Addison Rae,AR,1769460121,2026-01-26 20:42:01,https://www.last.fm/music/Addison+Rae/_/it+could%E2%80%99ve+been+u
Perfect Places,Lorde,Melodrama,1769460346,2026-01-26 20:45:46,https://www.last.fm/music/Lorde/_/Perfect+Places
So Hot You're Hurting My Feelings,Caroline Polachek,Pang,1769460807,2026-01-26 20:53:27,https://www.last.fm/music/Caroline+Polachek/_/So+Hot+You%27re+Hurting+My+Feelings
What's the Time Where You Are?,Troye Sivan,Something to Give Each Other,1769460997,2026-01-26 20:56:37,https://www.last.fm/music/Troye+Sivan/_/What%27s+the+Time+Where+You+Are%3F
That Kind of Woman,Dua Lipa,Future Nostalgia (The Moonlight Edition),1769461191,2026-01-26 20:59:51,https://www.last.fm/music/Dua+Lipa/_/That+Kind+of+Woman
Bouncin',Tinashe,333,1769461383,2026-01-26 21:03:03,https://www.last.fm/music/Tinashe/_/Bouncin%27
Baby,Madison Beer,Life Support,1769461549,2026-01-26 21:05:49,https://www.last.fm/music/Madison+Beer/_/Baby
can friends kiss?,Camila Cabello,"C,XOXO (Magic City Edition)",1769461749,2026-01-26 21:09:09,https://www.last.fm/music/Camila+Cabello/_/can+friends+kiss%3F
UN DÍA (ONE DAY),J Balvin,Future Nostalgia (The Moonlight Edition),1769461877,2026-01-26 21:11:17,https://www.last.fm/music/J+Balvin/_/UN+D%C3%8DA+(ONE+DAY)
Sugar Talking,Sabrina Carpenter,Man’s Best Friend,1769462101,2026-01-26 21:15:01,https://www.last.fm/music/Sabrina+Carpenter/_/Sugar+Talking
up at night (feat. Justin Bieber),Kehlani,blue water road,1769462300,2026-01-26 21:18:20,https://www.last.fm/music/Kehlani/_/up+at+night+(feat.+Justin+Bieber)
Capable of love,PinkPantheress,Heaven knows,1769462472,2026-01-26 21:21:12,https://www.last.fm/music/PinkPantheress/_/Capable+of+love
Lonesome Is a State of Mind,Djo,The Crux Deluxe,1769462687,2026-01-26 21:24:47,https://www.last.fm/music/Djo/_/Lonesome+Is+a+State+of+Mind
Think Twice,Suki Waterhouse,Memoir of a Sparklemuffin,1769462939,2026-01-26 21:28:59,https://www.last.fm/music/Suki+Waterhouse/_/Think+Twice
Wall of Sound,Charli xcx,Wall of Sound,1769463122,2026-01-26 21:32:02,https://www.last.fm/music/Charli+xcx/_/Wall+of+Sound
"girl, get up. (Feat. SZA)",Doechii,"girl, get up. (feat. SZA)",1769463258,2026-01-26 21:34:18,"https://www.last.fm/music/Doechii/_/girl,+get+up.+(Feat.+SZA)"
All We Ever Do Is Talk,Del Water Gap,I Miss You Already + I Haven’t Left Yet,1769463438,2026-01-26 21:37:18,https://www.last.fm/music/Del+Water+Gap/_/All+We+Ever+Do+Is+Talk
Now or Never,Halsey,hopeless fountain kingdom (Deluxe Plus),1769466656,2026-01-26 22:30:56,https://www.last.fm/music/Halsey/_/Now+or+Never
All We Ever Do Is Talk,Del Water Gap,I Miss You Already + I Haven’t Left Yet,1769466657,2026-01-26 22:30:57,https://www.last.fm/music/Del+Water+Gap/_/All+We+Ever+Do+Is+Talk
White Mustang,Lana Del Rey,Lust for Life,1769466861,2026-01-26 22:34:21,https://www.last.fm/music/Lana+Del+Rey/_/White+Mustang
Needed Me,Rihanna,ANTI (Deluxe),1769467017,2026-01-26 22:36:57,https://www.last.fm/music/Rihanna/_/Needed+Me
Hammer,Lorde,Virgin,1769467200,2026-01-26 22:40:00,https://www.last.fm/music/Lorde/_/Hammer
Wi$h Li$t,Taylor Swift,The Life of a Showgirl,1769467384,2026-01-26 22:43:04,https://www.last.fm/music/Taylor+Swift/_/Wi$h+Li$t
everything,Kehlani,blue water road,1769467583,2026-01-26 22:46:23,https://www.last.fm/music/Kehlani/_/everything
altar,Kehlani,blue water road,1769467782,2026-01-26 22:49:42,https://www.last.fm/music/Kehlani/_/altar
Need You Now,Lady Antebellum,Need You Now,1769468032,2026-01-26 22:53:52,https://www.last.fm/music/Lady+Antebellum/_/Need+You+Now
bad enough,Madison Beer,locket,1769468300,2026-01-26 22:58:20,https://www.last.fm/music/Madison+Beer/_/bad+enough
angel wings,Madison Beer,locket,1769468513,2026-01-26 23:01:53,https://www.last.fm/music/Madison+Beer/_/angel+wings
In the Dark,Dev,The Night the Sun Came Up,1769468749,2026-01-26 23:05:49,https://www.last.fm/music/Dev/_/In+the+Dark
Eurosummer,Zara Larsson,Midnight Sun,1769468967,2026-01-26 23:09:27,https://www.last.fm/music/Zara+Larsson/_/Eurosummer
watch,Billie Eilish,dont smile at me,1769469131,2026-01-26 23:12:11,https://www.last.fm/music/Billie+Eilish/_/watch
What Was That,Lorde,What Was That,1769469300,2026-01-26 23:15:00,https://www.last.fm/music/Lorde/_/What+Was+That
Private,The Neighbourhood,Private,1769469501,2026-01-26 23:18:21,https://www.last.fm/music/The+Neighbourhood/_/Private
Aperture,Harry Styles,Aperture,1769469917,2026-01-26 23:25:17,https://www.last.fm/music/Harry+Styles/_/Aperture
Pretty Please,Dua Lipa,Future Nostalgia,1769471112,2026-01-26 23:45:12,https://www.last.fm/music/Dua+Lipa/_/Pretty+Please
ANYTHING BUT LOVE,Tate McRae,SO CLOSE TO WHAT??? (deluxe),1769471298,2026-01-26 23:48:18,https://www.last.fm/music/Tate+McRae/_/ANYTHING+BUT+LOVE
Current Affairs,Lorde,Virgin,1769471489,2026-01-26 23:51:29,https://www.last.fm/music/Lorde/_/Current+Affairs
Anything Could Happen,Ellie Goulding,Halcyon,1769471677,2026-01-26 23:54:37,https://www.last.fm/music/Ellie+Goulding/_/Anything+Could+Happen
Destiny,Ellie Goulding,Destiny,1769471955,2026-01-26 23:59:15,https://www.last.fm/music/Ellie+Goulding/_/Destiny
Stateside + Zara Larsson,PinkPantheress,Fancy Some More?,1769473391,2026-01-27 00:23:11,https://www.last.fm/music/PinkPantheress/_/Stateside+%252B+Zara+Larsson
bad enough,Madison Beer,locket,1769478485,2026-01-27 01:48:05,https://www.last.fm/music/Madison+Beer/_/bad+enough
angel wings,Madison Beer,locket,1769478495,2026-01-27 01:48:15,https://www.last.fm/music/Madison+Beer/_/angel+wings
healthy habit,Madison Beer,locket,1769478707,2026-01-27 01:51:47,https://www.last.fm/music/Madison+Beer/_/healthy+habit
you're still everything,Madison Beer,locket,1769489505,2026-01-27 04:51:45,https://www.last.fm/music/Madison+Beer/_/you%27re+still+everything
Joshua Tree,Demi Lovato,It’s Not That Deep (Little Bit Extra Version),1769489509,2026-01-27 04:51:49,https://www.last.fm/music/Demi+Lovato/_/Joshua+Tree
Chains of Love,Charli xcx,Chains of Love,1769489702,2026-01-27 04:55:02,https://www.last.fm/music/Charli+xcx/_/Chains+of+Love
DANCE...,Slayyyter,DANCE...,1769489864,2026-01-27 04:57:44,https://www.last.fm/music/Slayyyter/_/DANCE...
Gorgeous,Doja Cat,Vie,1769490660,2026-01-27 05:11:00,https://www.last.fm/music/Doja+Cat/_/Gorgeous
Joshua Tree,Demi Lovato,It’s Not That Deep (Little Bit Extra Version),1769491083,2026-01-27 05:18:03,https://www.last.fm/music/Demi+Lovato/_/Joshua+Tree
No Promises (feat. Demi Lovato),Cheat Codes,No Promises (feat. Demi Lovato),1769491276,2026-01-27 05:21:16,https://www.last.fm/music/Cheat+Codes/_/No+Promises+(feat.+Demi+Lovato)
I Don't Do Drugs (feat. Ariana Grande),Doja Cat,Planet Her,1769491559,2026-01-27 05:25:59,https://www.last.fm/music/Doja+Cat/_/I+Don%27t+Do+Drugs+(feat.+Ariana+Grande)
Candy,Doja Cat,Amala,1769491743,2026-01-27 05:29:03,https://www.last.fm/music/Doja+Cat/_/Candy
Tumblr Girls (feat. Christoph Andersson),G-Eazy,These Things Happen,1769491924,2026-01-27 05:32:04,https://www.last.fm/music/G-Eazy/_/Tumblr+Girls+(feat.+Christoph+Andersson)
healthy habit,Madison Beer,locket,1769533074,2026-01-27 16:57:54,https://www.last.fm/music/Madison+Beer/_/healthy+habit
angel wings,Madison Beer,locket,1769533076,2026-01-27 16:57:56,https://www.last.fm/music/Madison+Beer/_/angel+wings
Aperture,Harry Styles,Aperture,1769536167,2026-01-27 17:49:27,https://www.last.fm/music/Harry+Styles/_/Aperture
"girl, get up. (Feat. SZA)",Doechii,"girl, get up. (feat. SZA)",1769536469,2026-01-27 17:54:29,"https://www.last.fm/music/Doechii/_/girl,+get+up.+(Feat.+SZA)"
High On Heaven,Nessa Barrett,High on Heaven,1769536649,2026-01-27 17:57:29,https://www.last.fm/music/Nessa+Barrett/_/High+On+Heaven
Think Twice,Suki Waterhouse,Memoir of a Sparklemuffin,1769536840,2026-01-27 18:00:40,https://www.last.fm/music/Suki+Waterhouse/_/Think+Twice
All We Ever Do Is Talk,Del Water Gap,I Miss You Already + I Haven’t Left Yet,1769537023,2026-01-27 18:03:43,https://www.last.fm/music/Del+Water+Gap/_/All+We+Ever+Do+Is+Talk
stranger,Tove Lo,BLUE LIPS (lady wood phase II),1769537241,2026-01-27 18:07:21,https://www.last.fm/music/Tove+Lo/_/stranger
Keep It Simple,Tove Lo,Lady Wood,1769537467,2026-01-27 18:11:07,https://www.last.fm/music/Tove+Lo/_/Keep+It+Simple
Open Season,High Highs,Open Season,1769538195,2026-01-27 18:23:15,https://www.last.fm/music/High+Highs/_/Open+Season
Capable of love,PinkPantheress,Heaven knows,1769538417,2026-01-27 18:26:57,https://www.last.fm/music/PinkPantheress/_/Capable+of+love
everything,Kehlani,blue water road,1769538632,2026-01-27 18:30:32,https://www.last.fm/music/Kehlani/_/everything
altar,Kehlani,blue water road,1769538831,2026-01-27 18:33:51,https://www.last.fm/music/Kehlani/_/altar
Lonesome Is a State of Mind,Djo,The Crux Deluxe,1769539067,2026-01-27 18:37:47,https://www.last.fm/music/Djo/_/Lonesome+Is+a+State+of+Mind
List of People (to Try and Forget About),Tame Impala,Currents B-Sides & Remixes,1769539318,2026-01-27 18:41:58,https://www.last.fm/music/Tame+Impala/_/List+of+People+(to+Try+and+Forget+About)
Mosquito,PinkPantheress,Heaven knows,1769539589,2026-01-27 18:46:29,https://www.last.fm/music/PinkPantheress/_/Mosquito
Jealousy - From the Vault,Tove Lo,Queen of the Clouds: X,1769539727,2026-01-27 18:48:47,https://www.last.fm/music/Tove+Lo/_/Jealousy+-+From+the+Vault
No One Dies from Love,Tove Lo,Dirt Femme (Extended Cut),1769539972,2026-01-27 18:52:52,https://www.last.fm/music/Tove+Lo/_/No+One+Dies+from+Love
B.O.A.T.,Camila Cabello,"C,XOXO",1769540149,2026-01-27 18:55:49,https://www.last.fm/music/Camila+Cabello/_/B.O.A.T.
June Gloom,Camila Cabello,"C,XOXO",1769540318,2026-01-27 18:58:38,https://www.last.fm/music/Camila+Cabello/_/June+Gloom
Twentysomethings,Camila Cabello,"C,XOXO",1769540489,2026-01-27 19:01:29,https://www.last.fm/music/Camila+Cabello/_/Twentysomethings
In the Dark,Camila Cabello,Camila,1769540642,2026-01-27 19:04:02,https://www.last.fm/music/Camila+Cabello/_/In+the+Dark
Into It,Camila Cabello,Camila,1769540862,2026-01-27 19:07:42,https://www.last.fm/music/Camila+Cabello/_/Into+It
I Don't Wanna Know,Charli xcx,Charli,1769541029,2026-01-27 19:10:29,https://www.last.fm/music/Charli+xcx/_/I+Don%27t+Wanna+Know
All Night,Beyoncé,Lemonade,1769541206,2026-01-27 19:13:26,https://www.last.fm/music/Beyonc%C3%A9/_/All+Night
up at night (feat. Justin Bieber),Kehlani,blue water road,1769541611,2026-01-27 19:20:11,https://www.last.fm/music/Kehlani/_/up+at+night+(feat.+Justin+Bieber)
Jealous Type,Doja Cat,Jealous Type,1769541820,2026-01-27 19:23:40,https://www.last.fm/music/Doja+Cat/_/Jealous+Type
"Lose My Cool,",Kali Uchis,"Sincerely,",1769541974,2026-01-27 19:26:14,"https://www.last.fm/music/Kali+Uchis/_/Lose+My+Cool,"
Sienna,The Marías,Submarine,1769544667,2026-01-27 20:11:07,https://www.last.fm/music/The+Mar%C3%ADas/_/Sienna
Brooklyn Baby,Lana Del Rey,Ultraviolence (Deluxe),1769545910,2026-01-27 20:31:50,https://www.last.fm/music/Lana+Del+Rey/_/Brooklyn+Baby
Dread - The Moment (The Score),A. G. Cook,Residue - The Moment (The Score),1769545917,2026-01-27 20:31:57,https://www.last.fm/music/A.+G.+Cook/_/Dread+-+The+Moment+(The+Score)
No One Noticed,The Marías,Submarine,1769546252,2026-01-27 20:37:32,https://www.last.fm/music/The+Mar%C3%ADas/_/No+One+Noticed
DANCE...,Slayyyter,DANCE...,1769546491,2026-01-27 20:41:31,https://www.last.fm/music/Slayyyter/_/DANCE...
So Hot You're Hurting My Feelings,Caroline Polachek,Pang,1769554409,2026-01-27 22:53:29,https://www.last.fm/music/Caroline+Polachek/_/So+Hot+You%27re+Hurting+My+Feelings
detonate,Charli xcx,how i'm feeling now,1769554583,2026-01-27 22:56:23,https://www.last.fm/music/Charli+xcx/_/detonate
Fuck Me Eyes,Ethel Cain,"Willoughby Tucker, I'll Always Love You",1769554794,2026-01-27 22:59:54,https://www.last.fm/music/Ethel+Cain/_/Fuck+Me+Eyes
Summer Forever,Addison Rae,Addison,1769555178,2026-01-27 23:06:18,https://www.last.fm/music/Addison+Rae/_/Summer+Forever
Diet Pepsi,Addison Rae,Addison,1769555397,2026-01-27 23:09:57,https://www.last.fm/music/Addison+Rae/_/Diet+Pepsi
Life's No Fun Through Clear Waters,Addison Rae,Addison,1769555558,2026-01-27 23:12:38,https://www.last.fm/music/Addison+Rae/_/Life%27s+No+Fun+Through+Clear+Waters
Lost & Found,Addison Rae,Addison,1769555607,2026-01-27 23:13:27,https://www.last.fm/music/Addison+Rae/_/Lost+&+Found
Sorry if I Hurt You,Charli xcx,CRASH (Deluxe),1769555691,2026-01-27 23:14:51,https://www.last.fm/music/Charli+xcx/_/Sorry+if+I+Hurt+You
Sorry To Myself,Demi Lovato,It’s Not That Deep (Little Bit Extra Version),1769555842,2026-01-27 23:17:22,https://www.last.fm/music/Demi+Lovato/_/Sorry+To+Myself
Say It,Demi Lovato,It’s Not That Deep (Little Bit Extra Version),1769556040,2026-01-27 23:20:40,https://www.last.fm/music/Demi+Lovato/_/Say+It
locket theme,Madison Beer,locket,1769556181,2026-01-27 23:23:01,https://www.last.fm/music/Madison+Beer/_/locket+theme
Basic Being Basic,Djo,The Crux,1769556261,2026-01-27 23:24:21,https://www.last.fm/music/Djo/_/Basic+Being+Basic
Sorry To Myself,Demi Lovato,It’s Not That Deep (Little Bit Extra Version),1769556431,2026-01-27 23:27:11,https://www.last.fm/music/Demi+Lovato/_/Sorry+To+Myself
Say It,Demi Lovato,It’s Not That Deep (Little Bit Extra Version),1769557010,2026-01-27 23:36:50,https://www.last.fm/music/Demi+Lovato/_/Say+It
nothing at all,Madison Beer,locket,1769557151,2026-01-27 23:39:11,https://www.last.fm/music/Madison+Beer/_/nothing+at+all
you're still everything,Madison Beer,locket,1769557330,2026-01-27 23:42:10,https://www.last.fm/music/Madison+Beer/_/you%27re+still+everything
complexity,Madison Beer,locket,1769557531,2026-01-27 23:45:31,https://www.last.fm/music/Madison+Beer/_/complexity
melt,Kehlani,blue water road,1769557713,2026-01-27 23:48:33,https://www.last.fm/music/Kehlani/_/melt
Midnight Sun,Zara Larsson,Midnight Sun,1769574508,2026-01-28 04:28:28,https://www.last.fm/music/Zara+Larsson/_/Midnight+Sun
Joshua Tree,Demi Lovato,It’s Not That Deep (Little Bit Extra Version),1769574688,2026-01-28 04:31:28,https://www.last.fm/music/Demi+Lovato/_/Joshua+Tree
LIGHTS GO OUT,John Summit,Lights Go Out,1769577841,2026-01-28 05:24:01,https://www.last.fm/music/John+Summit/_/LIGHTS+GO+OUT
Shiver,John Summit,Comfort In Chaos,1769577990,2026-01-28 05:26:30,https://www.last.fm/music/John+Summit/_/Shiver
Wide Awake,ODESZA,The Last Goodbye,1769578216,2026-01-28 05:30:16,https://www.last.fm/music/ODESZA/_/Wide+Awake
Times Like These,Addison Rae,Addison,1769587933,2026-01-28 08:12:13,https://www.last.fm/music/Addison+Rae/_/Times+Like+These
it could’ve been u,Addison Rae,AR,1769588156,2026-01-28 08:15:56,https://www.last.fm/music/Addison+Rae/_/it+could%E2%80%99ve+been+u
Blue Moon,Zara Larsson,Midnight Sun,1769622939,2026-01-28 17:55:39,https://www.last.fm/music/Zara+Larsson/_/Blue+Moon
Girl's Girl,Zara Larsson,Midnight Sun,1769623115,2026-01-28 17:58:35,https://www.last.fm/music/Zara+Larsson/_/Girl%27s+Girl
Crush,Zara Larsson,Midnight Sun,1769623292,2026-01-28 18:01:32,https://www.last.fm/music/Zara+Larsson/_/Crush
Eurosummer,Zara Larsson,Midnight Sun,1769628832,2026-01-28 19:33:52,https://www.last.fm/music/Zara+Larsson/_/Eurosummer
Aperture,Harry Styles,Aperture,1769628933,2026-01-28 19:35:33,https://www.last.fm/music/Harry+Styles/_/Aperture
stranger,Tove Lo,BLUE LIPS (lady wood phase II),1769629237,2026-01-28 19:40:37,https://www.last.fm/music/Tove+Lo/_/stranger
Keep It Simple,Tove Lo,Lady Wood,1769629463,2026-01-28 19:44:23,https://www.last.fm/music/Tove+Lo/_/Keep+It+Simple
All We Ever Do Is Talk,Del Water Gap,I Miss You Already + I Haven’t Left Yet,1769629709,2026-01-28 19:48:29,https://www.last.fm/music/Del+Water+Gap/_/All+We+Ever+Do+Is+Talk
Think Twice,Suki Waterhouse,Memoir of a Sparklemuffin,1769629926,2026-01-28 19:52:06,https://www.last.fm/music/Suki+Waterhouse/_/Think+Twice
Puss Puss,Zara Larsson,Midnight Sun,1769630110,2026-01-28 19:55:10,https://www.last.fm/music/Zara+Larsson/_/Puss+Puss
The Ambition,Zara Larsson,Midnight Sun,1769630329,2026-01-28 19:58:49,https://www.last.fm/music/Zara+Larsson/_/The+Ambition
What's the Time Where You Are?,Troye Sivan,Something to Give Each Other,1769630535,2026-01-28 20:02:15,https://www.last.fm/music/Troye+Sivan/_/What%27s+the+Time+Where+You+Are%3F
Cool Girl,Tove Lo,Lady Wood,1769630730,2026-01-28 20:05:30,https://www.last.fm/music/Tove+Lo/_/Cool+Girl
Fame Is a Gun,Addison Rae,Addison,1769630921,2026-01-28 20:08:41,https://www.last.fm/music/Addison+Rae/_/Fame+Is+a+Gun
If She Could See Me Now,Lorde,Virgin,1769631095,2026-01-28 20:11:35,https://www.last.fm/music/Lorde/_/If+She+Could+See+Me+Now
Times Like These,Addison Rae,Addison,1769631368,2026-01-28 20:16:08,https://www.last.fm/music/Addison+Rae/_/Times+Like+These
Ruthless,Kacey Musgraves,Deeper Well: Deeper into the Well,1769631592,2026-01-28 20:19:52,https://www.last.fm/music/Kacey+Musgraves/_/Ruthless
angel wings,Madison Beer,locket,1769631790,2026-01-28 20:23:10,https://www.last.fm/music/Madison+Beer/_/angel+wings
Chateau,Audrey Hobert,Who's the Clown?,1769632026,2026-01-28 20:27:06,https://www.last.fm/music/Audrey+Hobert/_/Chateau
No One Dies from Love,Tove Lo,Dirt Femme,1769632215,2026-01-28 20:30:15,https://www.last.fm/music/Tove+Lo/_/No+One+Dies+from+Love
Means I care,Tate McRae,So Close to What,1769633914,2026-01-28 20:58:34,https://www.last.fm/music/Tate+McRae/_/Means+I+care
Falling Forever,Dua Lipa,Radical Optimism,1769634081,2026-01-28 21:01:21,https://www.last.fm/music/Dua+Lipa/_/Falling+Forever
Whatcha Doing,Dua Lipa,Radical Optimism,1769634296,2026-01-28 21:04:56,https://www.last.fm/music/Dua+Lipa/_/Whatcha+Doing
Such A Funny Way,Sabrina Carpenter,Man’s Best Friend (Bonus Track Version),1769634485,2026-01-28 21:08:05,https://www.last.fm/music/Sabrina+Carpenter/_/Such+A+Funny+Way
Hot & Sexy,Zara Larsson,Midnight Sun,1769634709,2026-01-28 21:11:49,https://www.last.fm/music/Zara+Larsson/_/Hot+&+Sexy
Saturn's Return,Zara Larsson,Midnight Sun,1769634890,2026-01-28 21:14:50,https://www.last.fm/music/Zara+Larsson/_/Saturn%27s+Return
Let me go OH OH,Tove Lo,HEAT,1769635109,2026-01-28 21:18:29,https://www.last.fm/music/Tove+Lo/_/Let+me+go+OH+OH
ANYTHING BUT LOVE,Tate McRae,SO CLOSE TO WHAT??? (deluxe),1769635338,2026-01-28 21:22:18,https://www.last.fm/music/Tate+McRae/_/ANYTHING+BUT+LOVE
VOY A LLeVARTE PA PR,Bad Bunny,DeBÍ TiRAR MáS FOToS,1769635497,2026-01-28 21:24:57,https://www.last.fm/music/Bad+Bunny/_/VOY+A+LLeVARTE+PA+PR
KLOuFRENS,Bad Bunny,DeBÍ TiRAR MáS FOToS,1769635643,2026-01-28 21:27:23,https://www.last.fm/music/Bad+Bunny/_/KLOuFRENS
EoO,Bad Bunny,DeBÍ TiRAR MáS FOToS,1769635867,2026-01-28 21:31:07,https://www.last.fm/music/Bad+Bunny/_/EoO
What I Like,Charli xcx,True Romance,1769636063,2026-01-28 21:34:23,https://www.last.fm/music/Charli+xcx/_/What+I+Like
Nuclear Seasons,Charli xcx,True Romance,1769636236,2026-01-28 21:37:16,https://www.last.fm/music/Charli+xcx/_/Nuclear+Seasons
List of People (to Try and Forget About),Tame Impala,Currents B-Sides & Remixes,1769636528,2026-01-28 21:42:08,https://www.last.fm/music/Tame+Impala/_/List+of+People+(to+Try+and+Forget+About)
"girl, get up. (Feat. SZA)",Doechii,"girl, get up. (feat. SZA)",1769636798,2026-01-28 21:46:38,"https://www.last.fm/music/Doechii/_/girl,+get+up.+(Feat.+SZA)"
Joshua Tree,Demi Lovato,It’s Not That Deep (Little Bit Extra Version),1769636978,2026-01-28 21:49:38,https://www.last.fm/music/Demi+Lovato/_/Joshua+Tree
Wall of Sound,Charli xcx,Wall of Sound,1769637172,2026-01-28 21:52:52,https://www.last.fm/music/Charli+xcx/_/Wall+of+Sound
High On Heaven,Nessa Barrett,High on Heaven,1769637308,2026-01-28 21:55:08,https://www.last.fm/music/Nessa+Barrett/_/High+On+Heaven
nothing at all,Madison Beer,locket,1769637499,2026-01-28 21:58:19,https://www.last.fm/music/Madison+Beer/_/nothing+at+all
you're still everything,Madison Beer,locket,1769637679,2026-01-28 22:01:19,https://www.last.fm/music/Madison+Beer/_/you%27re+still+everything
bad enough,Madison Beer,locket,1769637879,2026-01-28 22:04:39,https://www.last.fm/music/Madison+Beer/_/bad+enough
Aperture,Harry Styles,Aperture,1769638093,2026-01-28 22:08:13,https://www.last.fm/music/Harry+Styles/_/Aperture
Parachute,Hayley Williams,Ego Death At A Bachelorette Party,1769638396,2026-01-28 22:13:16,https://www.last.fm/music/Hayley+Williams/_/Parachute
Find U Again (feat. Camila Cabello),Mark Ronson,Find U Again (feat. Camila Cabello),1769638608,2026-01-28 22:16:48,https://www.last.fm/music/Mark+Ronson/_/Find+U+Again+(feat.+Camila+Cabello)
The Fate of Ophelia,Taylor Swift,The Life of a Showgirl,1769638776,2026-01-28 22:19:36,https://www.last.fm/music/Taylor+Swift/_/The+Fate+of+Ophelia
Wi$h Li$t,Taylor Swift,The Life of a Showgirl,1769638993,2026-01-28 22:23:13,https://www.last.fm/music/Taylor+Swift/_/Wi$h+Li$t
Sugar Talking,Sabrina Carpenter,Man’s Best Friend,1769639192,2026-01-28 22:26:32,https://www.last.fm/music/Sabrina+Carpenter/_/Sugar+Talking
Shapeshifter,Lorde,Virgin,1769639367,2026-01-28 22:29:27,https://www.last.fm/music/Lorde/_/Shapeshifter
Twentysomethings,Camila Cabello,"C,XOXO (Magic City Edition)",1769639615,2026-01-28 22:33:35,https://www.last.fm/music/Camila+Cabello/_/Twentysomethings
pink xoxo,Camila Cabello,"C,XOXO (Magic City Edition)",1769639769,2026-01-28 22:36:09,https://www.last.fm/music/Camila+Cabello/_/pink+xoxo
Chanel No.5,Camila Cabello,"C,XOXO (Magic City Edition)",1769639816,2026-01-28 22:36:56,https://www.last.fm/music/Camila+Cabello/_/Chanel+No.5
GODSPEED,Camila Cabello,"C,XOXO (Magic City Edition)",1769639968,2026-01-28 22:39:28,https://www.last.fm/music/Camila+Cabello/_/GODSPEED
B.O.A.T.,Camila Cabello,"C,XOXO (Magic City Edition)",1769640176,2026-01-28 22:42:56,https://www.last.fm/music/Camila+Cabello/_/B.O.A.T.
Lucky,Britney Spears,Oops!... I Did It Again,1769640356,2026-01-28 22:45:56,https://www.last.fm/music/Britney+Spears/_/Lucky
A Year Without Rain,Selena Gomez & the Scene,A Year Without Rain,1769640552,2026-01-28 22:49:12,https://www.last.fm/music/Selena+Gomez+&+the+Scene/_/A+Year+Without+Rain
No Air (feat. Chris Brown),Jordin Sparks,Jordin Sparks,1769640803,2026-01-28 22:53:23,https://www.last.fm/music/Jordin+Sparks/_/No+Air+(feat.+Chris+Brown)
Anything Could Happen,Ellie Goulding,Halcyon,1769641058,2026-01-28 22:57:38,https://www.last.fm/music/Ellie+Goulding/_/Anything+Could+Happen
"Still Falling For You - From ""Bridget Jones's Baby""",Ellie Goulding,"Still Falling For You (From ""Bridget Jones's Baby"" Original Motion Picture Soundtrack)",1769641336,2026-01-28 23:02:16,https://www.last.fm/music/Ellie+Goulding/_/Still+Falling+For+You+-+From+%22Bridget+Jones%27s+Baby%22
Lights,Ellie Goulding,An Introduction to Ellie Goulding EP,1769641568,2026-01-28 23:06:08,https://www.last.fm/music/Ellie+Goulding/_/Lights
Take a Bow,Rihanna,Good Girl Gone Bad: Reloaded,1769641804,2026-01-28 23:10:04,https://www.last.fm/music/Rihanna/_/Take+a+Bow
Round & Round,Selena Gomez & the Scene,A Year Without Rain,1769642025,2026-01-28 23:13:45,https://www.last.fm/music/Selena+Gomez+&+the+Scene/_/Round+&+Round
Destiny,Ellie Goulding,Destiny,1769642155,2026-01-28 23:15:55,https://www.last.fm/music/Ellie+Goulding/_/Destiny
Paranoia,The Marías,Submarine,1769646647,2026-01-29 00:30:47,https://www.last.fm/music/The+Mar%C3%ADas/_/Paranoia
Love Goes On,Ellie Goulding,Higher Than Heaven (Deluxe),1769646651,2026-01-29 00:30:51,https://www.last.fm/music/Ellie+Goulding/_/Love+Goes+On
come closer,sombr,I Barely Know Her,1769646869,2026-01-29 00:34:29,https://www.last.fm/music/sombr/_/come+closer
How to disappear,Lana Del Rey,Norman Fucking Rockwell!,1769647094,2026-01-29 00:38:14,https://www.last.fm/music/Lana+Del+Rey/_/How+to+disappear
Crush,Ethel Cain,Inbred,1769647313,2026-01-29 00:41:53,https://www.last.fm/music/Ethel+Cain/_/Crush
Touching Yourself,The Japanese House,In the End It Always Does,1769647509,2026-01-29 00:45:09,https://www.last.fm/music/The+Japanese+House/_/Touching+Yourself
Delete Ya,Djo,The Crux,1769647682,2026-01-29 00:48:02,https://www.last.fm/music/Djo/_/Delete+Ya
Shine,Doja Cat,Hot Pink,1769647899,2026-01-29 00:51:39,https://www.last.fm/music/Doja+Cat/_/Shine
"Yeah, I Said It",Rihanna,ANTI (Deluxe),1769648450,2026-01-29 01:00:50,"https://www.last.fm/music/Rihanna/_/Yeah,+I+Said+It"
Love to Dream,Doja Cat,Planet Her,1769648576,2026-01-29 01:02:56,https://www.last.fm/music/Doja+Cat/_/Love+to+Dream
angel wings,Madison Beer,locket,1769651658,2026-01-29 01:54:18,https://www.last.fm/music/Madison+Beer/_/angel+wings
bad enough,Madison Beer,locket,1769651891,2026-01-29 01:58:11,https://www.last.fm/music/Madison+Beer/_/bad+enough
healthy habit,Madison Beer,locket,1769657068,2026-01-29 03:24:28,https://www.last.fm/music/Madison+Beer/_/healthy+habit
Destiny,Ellie Goulding,Destiny,1769657168,2026-01-29 03:26:08,https://www.last.fm/music/Ellie+Goulding/_/Destiny
My Moon My Man,Feist,The Reminder,1769660703,2026-01-29 04:25:03,https://www.last.fm/music/Feist/_/My+Moon+My+Man
Never Lose Me,Flo Milli,Never Lose Me,1769660714,2026-01-29 04:25:14,https://www.last.fm/music/Flo+Milli/_/Never+Lose+Me
Aperture,Harry Styles,Aperture,1769660923,2026-01-29 04:28:43,https://www.last.fm/music/Harry+Styles/_/Aperture
No Better,Lorde,No Better,1769661334,2026-01-29 04:35:34,https://www.last.fm/music/Lorde/_/No+Better
Planet,The Neighbourhood,(((((ultraSOUND))))),1769661502,2026-01-29 04:38:22,https://www.last.fm/music/The+Neighbourhood/_/Planet
Stateside + Zara Larsson,PinkPantheress,Fancy Some More?,1769661740,2026-01-29 04:42:20,https://www.last.fm/music/PinkPantheress/_/Stateside+%252B+Zara+Larsson
Genesis,Grimes,Visions,1769661954,2026-01-29 04:45:54,https://www.last.fm/music/Grimes/_/Genesis
Destiny,Ellie Goulding,Destiny,1769662642,2026-01-29 04:57:22,https://www.last.fm/music/Ellie+Goulding/_/Destiny
Chains of Love,Charli xcx,Chains of Love,1769662934,2026-01-29 05:02:14,https://www.last.fm/music/Charli+xcx/_/Chains+of+Love
HORSESHOE,Tate McRae,SO CLOSE TO WHAT??? (deluxe),1769663105,2026-01-29 05:05:05,https://www.last.fm/music/Tate+McRae/_/HORSESHOE
DANCE...,Slayyyter,DANCE...,1769663286,2026-01-29 05:08:06,https://www.last.fm/music/Slayyyter/_/DANCE...
Wall of Sound,Charli xcx,Wall of Sound,1769663661,2026-01-29 05:14:21,https://www.last.fm/music/Charli+xcx/_/Wall+of+Sound
"girl, get up. (Feat. SZA)",Doechii,"girl, get up. (feat. SZA)",1769663815,2026-01-29 05:16:55,"https://www.last.fm/music/Doechii/_/girl,+get+up.+(Feat.+SZA)"
High On Heaven,Nessa Barrett,High on Heaven,1769664025,2026-01-29 05:20:25,https://www.last.fm/music/Nessa+Barrett/_/High+On+Heaven
NOBODY'S GIRL,Tate McRae,SO CLOSE TO WHAT??? (deluxe),1769664225,2026-01-29 05:23:45,https://www.last.fm/music/Tate+McRae/_/NOBODY%27S+GIRL
Gorgeous,Doja Cat,Vie,1769664428,2026-01-29 05:27:08,https://www.last.fm/music/Doja+Cat/_/Gorgeous
My Moon My Man,Feist,The Reminder,1769664733,2026-01-29 05:32:13,https://www.last.fm/music/Feist/_/My+Moon+My+Man
Keep It Simple,Tove Lo,Lady Wood,1769664962,2026-01-29 05:36:02,https://www.last.fm/music/Tove+Lo/_/Keep+It+Simple
stranger,Tove Lo,BLUE LIPS (lady wood phase II),1769665270,2026-01-29 05:41:10,https://www.last.fm/music/Tove+Lo/_/stranger
Keep It Simple,Tove Lo,Lady Wood,1769665660,2026-01-29 05:47:40,https://www.last.fm/music/Tove+Lo/_/Keep+It+Simple
List of People (to Try and Forget About),Tame Impala,Currents B-Sides & Remixes,1769665900,2026-01-29 05:51:40,https://www.last.fm/music/Tame+Impala/_/List+of+People+(to+Try+and+Forget+About)
"New Person, Same Old Mistakes",Tame Impala,Currents,1769666180,2026-01-29 05:56:20,"https://www.last.fm/music/Tame+Impala/_/New+Person,+Same+Old+Mistakes"
Eventually,Tame Impala,Currents,1769666544,2026-01-29 06:02:24,https://www.last.fm/music/Tame+Impala/_/Eventually
Let It Happen,Tame Impala,Currents,1769666863,2026-01-29 06:07:43,https://www.last.fm/music/Tame+Impala/_/Let+It+Happen
High On Heaven,Nessa Barrett,High on Heaven,1769705557,2026-01-29 16:52:37,https://www.last.fm/music/Nessa+Barrett/_/High+On+Heaven
Open Season,High Highs,Open Season,1769705576,2026-01-29 16:52:56,https://www.last.fm/music/High+Highs/_/Open+Season
Think Twice,Suki Waterhouse,Memoir of a Sparklemuffin,1769705743,2026-01-29 16:55:43,https://www.last.fm/music/Suki+Waterhouse/_/Think+Twice
3,Britney Spears,The Essential Britney Spears,1769705861,2026-01-29 16:57:41,https://www.last.fm/music/Britney+Spears/_/3
All We Ever Do Is Talk,Del Water Gap,I Miss You Already + I Haven’t Left Yet,1769705927,2026-01-29 16:58:47,https://www.last.fm/music/Del+Water+Gap/_/All+We+Ever+Do+Is+Talk
The Fate of Ophelia,Taylor Swift,The Life of a Showgirl,1769711626,2026-01-29 18:33:46,https://www.last.fm/music/Taylor+Swift/_/The+Fate+of+Ophelia
My Moon My Man,Feist,The Reminder,1769711843,2026-01-29 18:37:23,https://www.last.fm/music/Feist/_/My+Moon+My+Man
Private,The Neighbourhood,Private,1769712050,2026-01-29 18:40:50,https://www.last.fm/music/The+Neighbourhood/_/Private
Planet,The Neighbourhood,(((((ultraSOUND))))),1769712274,2026-01-29 18:44:34,https://www.last.fm/music/The+Neighbourhood/_/Planet
Aperture,Harry Styles,Aperture,1769712507,2026-01-29 18:48:27,https://www.last.fm/music/Harry+Styles/_/Aperture
White Mustang,Lana Del Rey,Lust for Life,1769712845,2026-01-29 18:54:05,https://www.last.fm/music/Lana+Del+Rey/_/White+Mustang
Lust for Life (with The Weeknd),Lana Del Rey,Lust for Life,1769713001,2026-01-29 18:56:41,https://www.last.fm/music/Lana+Del+Rey/_/Lust+for+Life+(with+The+Weeknd)
Get Free,Lana Del Rey,Lust for Life,1769713257,2026-01-29 19:00:57,https://www.last.fm/music/Lana+Del+Rey/_/Get+Free
Twentysomethings,Camila Cabello,"C,XOXO",1769713583,2026-01-29 19:06:23,https://www.last.fm/music/Camila+Cabello/_/Twentysomethings
B.O.A.T.,Camila Cabello,"C,XOXO",1769713736,2026-01-29 19:08:56,https://www.last.fm/music/Camila+Cabello/_/B.O.A.T.
pink xoxo,Camila Cabello,"C,XOXO",1769713904,2026-01-29 19:11:44,https://www.last.fm/music/Camila+Cabello/_/pink+xoxo
Chanel No.5,Camila Cabello,"C,XOXO",1769713951,2026-01-29 19:12:31,https://www.last.fm/music/Camila+Cabello/_/Chanel+No.5
Twentysomethings,Camila Cabello,"C,XOXO",1769713990,2026-01-29 19:13:10,https://www.last.fm/music/Camila+Cabello/_/Twentysomethings
Cinnamon,The Neighbourhood,Wiped Out! (10th Anniversary Edition),1769714103,2026-01-29 19:15:03,https://www.last.fm/music/The+Neighbourhood/_/Cinnamon
God Put a Smile Upon Your Face,Coldplay,A Rush of Blood to the Head,1769715111,2026-01-29 19:31:51,https://www.last.fm/music/Coldplay/_/God+Put+a+Smile+Upon+Your+Face
Amsterdam,Coldplay,A Rush of Blood to the Head,1769715399,2026-01-29 19:36:39,https://www.last.fm/music/Coldplay/_/Amsterdam
Warning Sign,Coldplay,A Rush of Blood to the Head,1769715710,2026-01-29 19:41:50,https://www.last.fm/music/Coldplay/_/Warning+Sign
Yes I'm Changing,Tame Impala,Currents,1769716966,2026-01-29 20:02:46,https://www.last.fm/music/Tame+Impala/_/Yes+I%27m+Changing
In My Place,Coldplay,A Rush of Blood to the Head,1769717198,2026-01-29 20:06:38,https://www.last.fm/music/Coldplay/_/In+My+Place
Clocks,Coldplay,A Rush of Blood to the Head,1769717416,2026-01-29 20:10:16,https://www.last.fm/music/Coldplay/_/Clocks
Green Eyes,Coldplay,A Rush of Blood to the Head,1769717716,2026-01-29 20:15:16,https://www.last.fm/music/Coldplay/_/Green+Eyes
Cherry,Harry Styles,Fine Line,1769717930,2026-01-29 20:18:50,https://www.last.fm/music/Harry+Styles/_/Cherry
Chateau (Feel Alright),Djo,Twenty Twenty,1769718181,2026-01-29 20:23:01,https://www.last.fm/music/Djo/_/Chateau+(Feel+Alright)
Charlie's Garden,Djo,The Crux Deluxe,1769718444,2026-01-29 20:27:24,https://www.last.fm/music/Djo/_/Charlie%27s+Garden
Satellite,Harry Styles,Harry's House,1769718641,2026-01-29 20:30:41,https://www.last.fm/music/Harry+Styles/_/Satellite
Think Twice,Suki Waterhouse,Memoir of a Sparklemuffin,1769720381,2026-01-29 20:59:41,https://www.last.fm/music/Suki+Waterhouse/_/Think+Twice
Lonesome Is a State of Mind,Djo,The Crux Deluxe,1769721121,2026-01-29 21:12:01,https://www.last.fm/music/Djo/_/Lonesome+Is+a+State+of+Mind
stranger,Tove Lo,BLUE LIPS (lady wood phase II),1769721373,2026-01-29 21:16:13,https://www.last.fm/music/Tove+Lo/_/stranger
Keep It Simple,Tove Lo,Lady Wood,1769721599,2026-01-29 21:19:59,https://www.last.fm/music/Tove+Lo/_/Keep+It+Simple
Egg,Djo,The Crux Deluxe,1769721821,2026-01-29 21:23:41,https://www.last.fm/music/Djo/_/Egg
Potion,Djo,The Crux Deluxe,1769722089,2026-01-29 21:28:09,https://www.last.fm/music/Djo/_/Potion
Joshua Tree,Demi Lovato,It’s Not That Deep (Little Bit Extra Version),1769722248,2026-01-29 21:30:48,https://www.last.fm/music/Demi+Lovato/_/Joshua+Tree
Twentysomethings,Camila Cabello,"C,XOXO",1769722442,2026-01-29 21:34:02,https://www.last.fm/music/Camila+Cabello/_/Twentysomethings
My Moon My Man,Feist,The Reminder,1769722596,2026-01-29 21:36:36,https://www.last.fm/music/Feist/_/My+Moon+My+Man
locket theme,Madison Beer,locket,1769722816,2026-01-29 21:40:16,https://www.last.fm/music/Madison+Beer/_/locket+theme
"girl, get up. (Feat. SZA)",Doechii,"girl, get up. (feat. SZA)",1769722896,2026-01-29 21:41:36,"https://www.last.fm/music/Doechii/_/girl,+get+up.+(Feat.+SZA)"
Desperado,Rihanna,ANTI (Deluxe),1769723076,2026-01-29 21:44:36,https://www.last.fm/music/Rihanna/_/Desperado
"Yeah, I Said It",Rihanna,ANTI (Deluxe),1769723254,2026-01-29 21:47:34,"https://www.last.fm/music/Rihanna/_/Yeah,+I+Said+It"
Goodnight Gotham,Rihanna,ANTI (Deluxe),1769723378,2026-01-29 21:49:38,https://www.last.fm/music/Rihanna/_/Goodnight+Gotham
Kiss It Better,Rihanna,ANTI (Deluxe),1769723426,2026-01-29 21:50:26,https://www.last.fm/music/Rihanna/_/Kiss+It+Better
Consideration,Rihanna,ANTI (Deluxe),1769723680,2026-01-29 21:54:40,https://www.last.fm/music/Rihanna/_/Consideration
can friends kiss?,Camila Cabello,"C,XOXO (Magic City Edition)",1769723832,2026-01-29 21:57:12,https://www.last.fm/music/Camila+Cabello/_/can+friends+kiss%3F
Girl Like Me + Oklou,PinkPantheress,Fancy Some More?,1769723961,2026-01-29 21:59:21,https://www.last.fm/music/PinkPantheress/_/Girl+Like+Me+%252B+Oklou
Parachute,Hayley Williams,Ego Death At A Bachelorette Party,1769724114,2026-01-29 22:01:54,https://www.last.fm/music/Hayley+Williams/_/Parachute
Midnight Sun,Zara Larsson,Midnight Sun,1769725090,2026-01-29 22:18:10,https://www.last.fm/music/Zara+Larsson/_/Midnight+Sun
Midnight Sun,Zara Larsson,Midnight Sun,1769733250,2026-01-30 00:34:10,https://www.last.fm/music/Zara+Larsson/_/Midnight+Sun
Crush,Zara Larsson,Midnight Sun,1769733418,2026-01-30 00:36:58,https://www.last.fm/music/Zara+Larsson/_/Crush
Puss Puss,Zara Larsson,Midnight Sun,1769733843,2026-01-30 00:44:03,https://www.last.fm/music/Zara+Larsson/_/Puss+Puss
Blue Moon,Zara Larsson,Midnight Sun,1769737813,2026-01-30 01:50:13,https://www.last.fm/music/Zara+Larsson/_/Blue+Moon
Pretty Ugly,Zara Larsson,Midnight Sun,1769737994,2026-01-30 01:53:14,https://www.last.fm/music/Zara+Larsson/_/Pretty+Ugly
Conceited,SZA,SOS,1769749416,2026-01-30 05:03:36,https://www.last.fm/music/SZA/_/Conceited
Girl's Girl,Zara Larsson,Midnight Sun,1769749558,2026-01-30 05:05:58,https://www.last.fm/music/Zara+Larsson/_/Girl%27s+Girl
Crush,Zara Larsson,Midnight Sun,1769749737,2026-01-30 05:08:57,https://www.last.fm/music/Zara+Larsson/_/Crush
Think Twice,Suki Waterhouse,Memoir of a Sparklemuffin,1769792233,2026-01-30 16:57:13,https://www.last.fm/music/Suki+Waterhouse/_/Think+Twice
Sorry if I Hurt You,Charli xcx,CRASH (Deluxe),1769792416,2026-01-30 17:00:16,https://www.last.fm/music/Charli+xcx/_/Sorry+if+I+Hurt+You
You Are My High,MAXI MERAKI,You Are My High,1769793129,2026-01-30 17:12:09,https://www.last.fm/music/MAXI+MERAKI/_/You+Are+My+High
DANCE...,Slayyyter,DANCE...,1769803828,2026-01-30 20:10:28,https://www.last.fm/music/Slayyyter/_/DANCE...
Joshua Tree,Demi Lovato,It’s Not That Deep (Little Bit Extra Version),1769804727,2026-01-30 20:25:27,https://www.last.fm/music/Demi+Lovato/_/Joshua+Tree
Frequency,Demi Lovato,It’s Not That Deep,1769804921,2026-01-30 20:28:41,https://www.last.fm/music/Demi+Lovato/_/Frequency
Twentysomethings,Camila Cabello,"C,XOXO",1769805076,2026-01-30 20:31:16,https://www.last.fm/music/Camila+Cabello/_/Twentysomethings
In My Head,Demi Lovato,It’s Not That Deep (Little Bit Extra Version),1769805229,2026-01-30 20:33:49,https://www.last.fm/music/Demi+Lovato/_/In+My+Head
Sorry To Myself,Demi Lovato,It’s Not That Deep (Little Bit Extra Version),1769805395,2026-01-30 20:36:35,https://www.last.fm/music/Demi+Lovato/_/Sorry+To+Myself
In My Head,Demi Lovato,It’s Not That Deep (Little Bit Extra Version),1769806769,2026-01-30 20:59:29,https://www.last.fm/music/Demi+Lovato/_/In+My+Head
Say It,Demi Lovato,It’s Not That Deep (Little Bit Extra Version),1769806954,2026-01-30 21:02:34,https://www.last.fm/music/Demi+Lovato/_/Say+It
nothing at all,Madison Beer,locket,1769807095,2026-01-30 21:04:55,https://www.last.fm/music/Madison+Beer/_/nothing+at+all
you're still everything,Madison Beer,locket,1769807275,2026-01-30 21:07:55,https://www.last.fm/music/Madison+Beer/_/you%27re+still+everything
complexity,Madison Beer,locket,1769807475,2026-01-30 21:11:15,https://www.last.fm/music/Madison+Beer/_/complexity
healthy habit,Madison Beer,locket,1769807624,2026-01-30 21:13:44,https://www.last.fm/music/Madison+Beer/_/healthy+habit
bad enough,Madison Beer,locket,1769807732,2026-01-30 21:15:32,https://www.last.fm/music/Madison+Beer/_/bad+enough
Aperture,Harry Styles,Aperture,1769807871,2026-01-30 21:17:51,https://www.last.fm/music/Harry+Styles/_/Aperture
Stateside + Zara Larsson,PinkPantheress,Fancy Some More?,1769808305,2026-01-30 21:25:05,https://www.last.fm/music/PinkPantheress/_/Stateside+%252B+Zara+Larsson
Cinema,Harry Styles,Harry's House,1769808480,2026-01-30 21:28:00,https://www.last.fm/music/Harry+Styles/_/Cinema
False God,Taylor Swift,Lover,1769808715,2026-01-30 21:31:55,https://www.last.fm/music/Taylor+Swift/_/False+God
angel wings,Madison Beer,locket,1769808907,2026-01-30 21:35:07,https://www.last.fm/music/Madison+Beer/_/angel+wings
ANYTHING BUT LOVE,Tate McRae,SO CLOSE TO WHAT??? (deluxe),1769809143,2026-01-30 21:39:03,https://www.last.fm/music/Tate+McRae/_/ANYTHING+BUT+LOVE
Adore You,Harry Styles,Fine Line,1769809345,2026-01-30 21:42:25,https://www.last.fm/music/Harry+Styles/_/Adore+You
CHIHIRO,Billie Eilish,HIT ME HARD AND SOFT,1769814404,2026-01-30 23:06:44,https://www.last.fm/music/Billie+Eilish/_/CHIHIRO
Shooting star,Audrey Hobert,Who's the Clown?,1769814696,2026-01-30 23:11:36,https://www.last.fm/music/Audrey+Hobert/_/Shooting+star
Lights Up,Harry Styles,Fine Line,1769814899,2026-01-30 23:14:59,https://www.last.fm/music/Harry+Styles/_/Lights+Up
Is It True,Tame Impala,The Slow Rush,1769815083,2026-01-30 23:18:03,https://www.last.fm/music/Tame+Impala/_/Is+It+True
Illusion,Dua Lipa,Radical Optimism,1769815327,2026-01-30 23:22:07,https://www.last.fm/music/Dua+Lipa/_/Illusion
Grapejuice,Harry Styles,Harry's House,1769815505,2026-01-30 23:25:05,https://www.last.fm/music/Harry+Styles/_/Grapejuice
Piece Of Heaven,Tame Impala,Deadbeat,1769815729,2026-01-30 23:28:49,https://www.last.fm/music/Tame+Impala/_/Piece+Of+Heaven
How To Live,Del Water Gap,Chasing The Chimera,1769816005,2026-01-30 23:33:25,https://www.last.fm/music/Del+Water+Gap/_/How+To+Live
Bad Bitch (feat. Ty Dolla $ign),Bebe Rexha,All Your Fault: Pt. 1,1769816245,2026-01-30 23:37:25,https://www.last.fm/music/Bebe+Rexha/_/Bad+Bitch+(feat.+Ty+Dolla+$ign)
Stateside + Zara Larsson,PinkPantheress,Fancy Some More?,1769897389,2026-01-31 22:09:49,https://www.last.fm/music/PinkPantheress/_/Stateside+%252B+Zara+Larsson
